SourceWebsite,City,Country,ScrapeDateTime,Temperature_C,FeelsLike_C,Humidity_%,WindSpeed_kmh,Condition,Precipitation
TimeAndDate,Beirut,Lebanon,2026-03-30T12:19:16.777393+00:00,12.0,,,,Scattered clouds.,
TimeAndDate,Beirut,Lebanon,2026-03-29,24.0,,96.0,,,
TimeAndDate,Beirut,Lebanon,2026-03-28,24.0,,96.0,,,
TimeAndDate,Beirut,Lebanon,2026-03-30T12:19:37.650169+00:00,12.0,,,,Scattered clouds.,
TimeAndDate,Beirut,Lebanon,2026-03-29,24.0,,96.0,,,
TimeAndDate,Beirut,Lebanon,2026-03-28,24.0,,96.0,,,
TimeAndDate,New York,United States,2026-03-30T12:19:52.614339+00:00,9.0,,,,Sunny.,
TimeAndDate,New York,United States,2026-03-29,24.0,,100.0,,,
TimeAndDate,New York,United States,2026-03-28,24.0,,100.0,,,
TimeAndDate,Los Angeles,United States,2026-03-30T12:19:57.241948+00:00,14.0,,,,Fog.,
TimeAndDate,Los Angeles,United States,2026-03-29,35.0,,97.0,,,
TimeAndDate,Los Angeles,United States,2026-03-28,35.0,,97.0,,,
TimeAndDate,Chicago,United States,2026-03-30T12:20:01.582943+00:00,11.0,,,,Passing clouds.,
TimeAndDate,Chicago,United States,2026-03-29,25.0,,96.0,,,
TimeAndDate,Chicago,United States,2026-03-28,25.0,,96.0,,,
TimeAndDate,Toronto,Canada,2026-03-30T12:20:05.744303+00:00,6.0,,,,Passing clouds.,
TimeAndDate,Toronto,Canada,2026-03-29,13.0,,100.0,,,
TimeAndDate,Toronto,Canada,2026-03-28,13.0,,100.0,,,
TimeAndDate,Mexico City,Mexico,2026-03-30T12:20:09.806379+00:00,10.0,,,,Passing clouds.,
TimeAndDate,Mexico City,Mexico,2026-03-29,26.0,,100.0,,,
TimeAndDate,Mexico City,Mexico,2026-03-28,26.0,,100.0,,,
TimeAndDate,Sao Paulo,Brazil,2026-03-30T12:20:14.271472+00:00,22.0,,,,Sunny.,
TimeAndDate,Sao Paulo,Brazil,2026-03-29,31.0,,100.0,,,
TimeAndDate,Sao Paulo,Brazil,2026-03-28,31.0,,100.0,,,
TimeAndDate,Buenos Aires,Argentina,2026-03-30T12:20:18.261669+00:00,23.0,,,,Fog.,
TimeAndDate,Buenos Aires,Argentina,2026-03-29,32.0,,100.0,,,
TimeAndDate,Buenos Aires,Argentina,2026-03-28,32.0,,100.0,,,
TimeAndDate,London,United Kingdom,2026-03-30T12:20:22.413655+00:00,10.0,,,,Scattered clouds.,
TimeAndDate,London,United Kingdom,2026-03-29,20.0,,100.0,,,
TimeAndDate,London,United Kingdom,2026-03-28,20.0,,100.0,,,
TimeAndDate,Paris,France,2026-03-30T12:20:27.999166+00:00,12.0,,,,Broken clouds.,
TimeAndDate,Paris,France,2026-03-29,17.0,,100.0,,,
TimeAndDate,Paris,France,2026-03-28,17.0,,100.0,,,
TimeAndDate,Berlin,Germany,2026-03-30T12:20:32.775685+00:00,7.0,,,,Sprinkles. Partly sunny.,
TimeAndDate,Berlin,Germany,2026-03-29,16.0,,100.0,,,
TimeAndDate,Berlin,Germany,2026-03-28,16.0,,100.0,,,
TimeAndDate,Madrid,Spain,2026-03-30T12:20:38.098779+00:00,13.0,,,,Sunny.,
TimeAndDate,Madrid,Spain,2026-03-29,21.0,,100.0,,,
TimeAndDate,Madrid,Spain,2026-03-28,21.0,,100.0,,,
TimeAndDate,Rome,Italy,2026-03-30T12:20:42.838498+00:00,17.0,,,,Sunny.,
TimeAndDate,Rome,Italy,2026-03-29,20.0,,94.0,,,
TimeAndDate,Rome,Italy,2026-03-28,20.0,,94.0,,,
TimeAndDate,Cairo,Egypt,2026-03-30T12:20:50.855288+00:00,22.0,,,,Partly sunny.,
TimeAndDate,Cairo,Egypt,2026-03-29,27.0,,88.0,,,
TimeAndDate,Cairo,Egypt,2026-03-28,27.0,,88.0,,,
TimeAndDate,Nairobi,Kenya,2026-03-30T12:20:55.030581+00:00,26.0,,,,Partly sunny.,
TimeAndDate,Nairobi,Kenya,2026-03-29,27.0,,94.0,,,
TimeAndDate,Nairobi,Kenya,2026-03-28,27.0,,94.0,,,
TimeAndDate,Johannesburg,South Africa,2026-03-30T12:21:03.675607+00:00,28.0,,,,Scattered clouds.,
TimeAndDate,Johannesburg,South Africa,2026-03-29,29.0,,94.0,,,
TimeAndDate,Johannesburg,South Africa,2026-03-28,29.0,,94.0,,,
TimeAndDate,Dubai,United Arab Emirates,2026-03-30T12:21:08.035147+00:00,27.0,,,,Sunny.,
TimeAndDate,Dubai,United Arab Emirates,2026-03-29,36.0,,94.0,,,
TimeAndDate,Dubai,United Arab Emirates,2026-03-28,36.0,,94.0,,,
TimeAndDate,Mumbai,India,2026-03-30T12:21:12.255646+00:00,32.0,,,,Scattered clouds.,
TimeAndDate,Mumbai,India,2026-03-29,35.0,,89.0,,,
TimeAndDate,Mumbai,India,2026-03-28,35.0,,89.0,,,
TimeAndDate,Tokyo,Japan,2026-03-30T12:21:16.714941+00:00,18.0,,,,Overcast.,
TimeAndDate,Tokyo,Japan,2026-03-29,21.0,,98.0,,,
TimeAndDate,Tokyo,Japan,2026-03-28,21.0,,98.0,,,
TimeAndDate,Seoul,South Korea,2026-03-30T12:21:21.782839+00:00,14.0,,,,Light rain. Mostly cloudy.,
TimeAndDate,Seoul,South Korea,2026-03-29,21.0,,100.0,,,
TimeAndDate,Seoul,South Korea,2026-03-28,21.0,,100.0,,,
TimeAndDate,Singapore,Singapore,2026-03-30T12:21:29.300929+00:00,29.0,,,,Passing clouds.,
TimeAndDate,Singapore,Singapore,2026-03-29,34.0,,89.0,,,
TimeAndDate,Singapore,Singapore,2026-03-28,34.0,,89.0,,,
TimeAndDate,Sydney,Australia,2026-03-30T12:21:33.916549+00:00,21.0,,,,Clear.,
TimeAndDate,Sydney,Australia,2026-03-29,30.0,,100.0,,,
TimeAndDate,Sydney,Australia,2026-03-28,30.0,,100.0,,,
TimeAndDate,Melbourne,Australia,2026-03-30T12:21:38.265841+00:00,18.0,,,,Clear.,
TimeAndDate,Melbourne,Australia,2026-03-29,31.0,,100.0,,,
TimeAndDate,Melbourne,Australia,2026-03-28,31.0,,100.0,,,
TimeAndDate,Auckland,New Zealand,2026-03-30T12:21:42.213398+00:00,19.0,,,,Passing clouds.,
TimeAndDate,Auckland,New Zealand,2026-03-29,27.0,,100.0,,,
TimeAndDate,Auckland,New Zealand,2026-03-28,27.0,,100.0,,,
TimeAndDate,Beirut,Lebanon,2026-03-30T12:21:59.430596+00:00,12.0,,,,Scattered clouds.,
TimeAndDate,Beirut,Lebanon,2026-03-29,24.0,,96.0,,,
TimeAndDate,Beirut,Lebanon,2026-03-28,24.0,,96.0,,,
TimeAndDate,New York,United States,2026-03-30T12:22:12.478729+00:00,10.0,,,,Sunny.,
TimeAndDate,New York,United States,2026-03-29,24.0,,100.0,,,
TimeAndDate,New York,United States,2026-03-28,24.0,,100.0,,,
TimeAndDate,Los Angeles,United States,2026-03-30T12:22:15.153426+00:00,14.0,,,,Fog.,
TimeAndDate,Los Angeles,United States,2026-03-29,35.0,,97.0,,,
TimeAndDate,Los Angeles,United States,2026-03-28,35.0,,97.0,,,
TimeAndDate,Chicago,United States,2026-03-30T12:22:17.451711+00:00,12.0,,,,Partly sunny.,
TimeAndDate,Chicago,United States,2026-03-29,25.0,,96.0,,,
TimeAndDate,Chicago,United States,2026-03-28,25.0,,96.0,,,
TimeAndDate,Toronto,Canada,2026-03-30T12:22:19.563913+00:00,8.0,,,,Overcast.,
TimeAndDate,Toronto,Canada,2026-03-29,13.0,,100.0,,,
TimeAndDate,Toronto,Canada,2026-03-28,13.0,,100.0,,,
TimeAndDate,Mexico City,Mexico,2026-03-30T12:22:22.046618+00:00,11.0,,,,Passing clouds.,
TimeAndDate,Mexico City,Mexico,2026-03-29,26.0,,100.0,,,
TimeAndDate,Mexico City,Mexico,2026-03-28,26.0,,100.0,,,
TimeAndDate,Sao Paulo,Brazil,2026-03-30T12:22:24.623153+00:00,22.0,,,,Sunny.,
TimeAndDate,Sao Paulo,Brazil,2026-03-29,31.0,,100.0,,,
TimeAndDate,Sao Paulo,Brazil,2026-03-28,31.0,,100.0,,,
TimeAndDate,Buenos Aires,Argentina,2026-03-30T12:22:29.732112+00:00,23.0,,,,Fog.,
TimeAndDate,Buenos Aires,Argentina,2026-03-29,32.0,,100.0,,,
TimeAndDate,Buenos Aires,Argentina,2026-03-28,32.0,,100.0,,,
TimeAndDate,London,United Kingdom,2026-03-30T12:22:31.814607+00:00,10.0,,,,Scattered clouds.,
TimeAndDate,London,United Kingdom,2026-03-29,20.0,,100.0,,,
TimeAndDate,London,United Kingdom,2026-03-28,20.0,,100.0,,,
TimeAndDate,Paris,France,2026-03-30T12:22:34.076619+00:00,11.0,,,,Broken clouds.,
TimeAndDate,Paris,France,2026-03-29,17.0,,100.0,,,
TimeAndDate,Paris,France,2026-03-28,17.0,,100.0,,,
TimeAndDate,Berlin,Germany,2026-03-30T12:22:36.473602+00:00,7.0,,,,Sprinkles. Partly sunny.,
TimeAndDate,Berlin,Germany,2026-03-29,16.0,,100.0,,,
TimeAndDate,Berlin,Germany,2026-03-28,16.0,,100.0,,,
TimeAndDate,Madrid,Spain,2026-03-30T12:22:38.907508+00:00,15.0,,,,Sunny.,
TimeAndDate,Madrid,Spain,2026-03-29,21.0,,100.0,,,
TimeAndDate,Madrid,Spain,2026-03-28,21.0,,100.0,,,
TimeAndDate,Rome,Italy,2026-03-30T12:22:41.002905+00:00,18.0,,,,Passing clouds.,
TimeAndDate,Rome,Italy,2026-03-29,20.0,,94.0,,,
TimeAndDate,Rome,Italy,2026-03-28,20.0,,94.0,,,
TimeAndDate,Cairo,Egypt,2026-03-30T12:22:43.282417+00:00,22.0,,,,Partly sunny.,
TimeAndDate,Cairo,Egypt,2026-03-29,27.0,,88.0,,,
TimeAndDate,Cairo,Egypt,2026-03-28,27.0,,88.0,,,
TimeAndDate,Nairobi,Kenya,2026-03-30T12:22:45.748440+00:00,26.0,,,,Partly sunny.,
TimeAndDate,Nairobi,Kenya,2026-03-29,27.0,,94.0,,,
TimeAndDate,Nairobi,Kenya,2026-03-28,27.0,,94.0,,,
TimeAndDate,Johannesburg,South Africa,2026-03-30T12:22:49.894854+00:00,28.0,,,,Scattered clouds.,
TimeAndDate,Johannesburg,South Africa,2026-03-29,29.0,,94.0,,,
TimeAndDate,Johannesburg,South Africa,2026-03-28,29.0,,94.0,,,
TimeAndDate,Dubai,United Arab Emirates,2026-03-30T12:22:52.031285+00:00,27.0,,,,Sunny.,
TimeAndDate,Dubai,United Arab Emirates,2026-03-29,36.0,,94.0,,,
TimeAndDate,Dubai,United Arab Emirates,2026-03-28,36.0,,94.0,,,
TimeAndDate,Mumbai,India,2026-03-30T12:22:54.312477+00:00,32.0,,,,Scattered clouds.,
TimeAndDate,Mumbai,India,2026-03-29,35.0,,89.0,,,
TimeAndDate,Mumbai,India,2026-03-28,35.0,,89.0,,,
TimeAndDate,Tokyo,Japan,2026-03-30T12:22:56.985758+00:00,18.0,,,,Overcast.,
TimeAndDate,Tokyo,Japan,2026-03-29,21.0,,98.0,,,
TimeAndDate,Tokyo,Japan,2026-03-28,21.0,,98.0,,,
TimeAndDate,Seoul,South Korea,2026-03-30T12:22:59.597863+00:00,14.0,,,,Light rain. Mostly cloudy.,
TimeAndDate,Seoul,South Korea,2026-03-29,21.0,,100.0,,,
TimeAndDate,Seoul,South Korea,2026-03-28,21.0,,100.0,,,
TimeAndDate,Singapore,Singapore,2026-03-30T12:23:01.631738+00:00,29.0,,,,Passing clouds.,
TimeAndDate,Singapore,Singapore,2026-03-29,34.0,,89.0,,,
TimeAndDate,Singapore,Singapore,2026-03-28,34.0,,89.0,,,
TimeAndDate,Sydney,Australia,2026-03-30T12:23:03.550102+00:00,21.0,,,,Clear.,
TimeAndDate,Sydney,Australia,2026-03-29,30.0,,100.0,,,
TimeAndDate,Sydney,Australia,2026-03-28,30.0,,100.0,,,
TimeAndDate,Melbourne,Australia,2026-03-30T12:23:05.969469+00:00,18.0,,,,Clear.,
TimeAndDate,Melbourne,Australia,2026-03-29,31.0,,100.0,,,
TimeAndDate,Melbourne,Australia,2026-03-28,31.0,,100.0,,,
TimeAndDate,Auckland,New Zealand,2026-03-30T12:23:08.090742+00:00,19.0,,,,Passing clouds.,
TimeAndDate,Auckland,New Zealand,2026-03-29,27.0,,100.0,,,
TimeAndDate,Auckland,New Zealand,2026-03-28,27.0,,100.0,,,
TimeAndDate,Beirut,Lebanon,2026-03-30T12:23:10.756142+00:00,12.0,,,,Scattered clouds.,
TimeAndDate,Beirut,Lebanon,2026-03-29,24.0,,96.0,,,
TimeAndDate,Beirut,Lebanon,2026-03-28,24.0,,96.0,,,
TimeAndDate,New York,United States,2026-03-30T12:23:24.158886+00:00,10.0,,,,Sunny.,
TimeAndDate,New York,United States,2026-03-29,24.0,,100.0,,,
TimeAndDate,New York,United States,2026-03-28,24.0,,100.0,,,
TimeAndDate,Los Angeles,United States,2026-03-30T12:23:26.219781+00:00,14.0,,,,Fog.,
TimeAndDate,Los Angeles,United States,2026-03-29,35.0,,97.0,,,
TimeAndDate,Los Angeles,United States,2026-03-28,35.0,,97.0,,,
TimeAndDate,Chicago,United States,2026-03-30T12:23:28.719324+00:00,12.0,,,,Partly sunny.,
TimeAndDate,Chicago,United States,2026-03-29,25.0,,96.0,,,
TimeAndDate,Chicago,United States,2026-03-28,25.0,,96.0,,,
TimeAndDate,Toronto,Canada,2026-03-30T12:23:31.258677+00:00,8.0,,,,Overcast.,
TimeAndDate,Toronto,Canada,2026-03-29,13.0,,100.0,,,
TimeAndDate,Toronto,Canada,2026-03-28,13.0,,100.0,,,
TimeAndDate,Mexico City,Mexico,2026-03-30T12:23:34.177260+00:00,11.0,,,,Passing clouds.,
TimeAndDate,Mexico City,Mexico,2026-03-29,26.0,,100.0,,,
TimeAndDate,Mexico City,Mexico,2026-03-28,26.0,,100.0,,,
TimeAndDate,Sao Paulo,Brazil,2026-03-30T12:23:38.839260+00:00,22.0,,,,Sunny.,
TimeAndDate,Sao Paulo,Brazil,2026-03-29,31.0,,100.0,,,
TimeAndDate,Sao Paulo,Brazil,2026-03-28,31.0,,100.0,,,
TimeAndDate,Buenos Aires,Argentina,2026-03-30T12:23:40.940736+00:00,23.0,,,,Fog.,
TimeAndDate,Buenos Aires,Argentina,2026-03-29,32.0,,100.0,,,
TimeAndDate,Buenos Aires,Argentina,2026-03-28,32.0,,100.0,,,
TimeAndDate,London,United Kingdom,2026-03-30T12:23:43.411602+00:00,10.0,,,,Scattered clouds.,
TimeAndDate,London,United Kingdom,2026-03-29,20.0,,100.0,,,
TimeAndDate,London,United Kingdom,2026-03-28,20.0,,100.0,,,
TimeAndDate,Paris,France,2026-03-30T12:23:45.846821+00:00,11.0,,,,Broken clouds.,
TimeAndDate,Paris,France,2026-03-29,17.0,,100.0,,,
TimeAndDate,Paris,France,2026-03-28,17.0,,100.0,,,
TimeAndDate,Berlin,Germany,2026-03-30T12:23:48.306833+00:00,7.0,,,,Sprinkles. Partly sunny.,
TimeAndDate,Berlin,Germany,2026-03-29,16.0,,100.0,,,
TimeAndDate,Berlin,Germany,2026-03-28,16.0,,100.0,,,
TimeAndDate,Madrid,Spain,2026-03-30T12:23:50.667047+00:00,15.0,,,,Sunny.,
TimeAndDate,Madrid,Spain,2026-03-29,21.0,,100.0,,,
TimeAndDate,Madrid,Spain,2026-03-28,21.0,,100.0,,,
TimeAndDate,Rome,Italy,2026-03-30T12:23:52.627926+00:00,18.0,,,,Passing clouds.,
TimeAndDate,Rome,Italy,2026-03-29,20.0,,94.0,,,
TimeAndDate,Rome,Italy,2026-03-28,20.0,,94.0,,,
TimeAndDate,Cairo,Egypt,2026-03-30T12:23:55.614861+00:00,22.0,,,,Partly sunny.,
TimeAndDate,Cairo,Egypt,2026-03-29,27.0,,88.0,,,
TimeAndDate,Cairo,Egypt,2026-03-28,27.0,,88.0,,,
TimeAndDate,Nairobi,Kenya,2026-03-30T12:23:57.733978+00:00,26.0,,,,Partly sunny.,
TimeAndDate,Nairobi,Kenya,2026-03-29,27.0,,94.0,,,
TimeAndDate,Nairobi,Kenya,2026-03-28,27.0,,94.0,,,
TimeAndDate,Johannesburg,South Africa,2026-03-30T12:23:59.811598+00:00,28.0,,,,Scattered clouds.,
TimeAndDate,Johannesburg,South Africa,2026-03-29,29.0,,94.0,,,
TimeAndDate,Johannesburg,South Africa,2026-03-28,29.0,,94.0,,,
TimeAndDate,Dubai,United Arab Emirates,2026-03-30T12:24:02.736687+00:00,27.0,,,,Sunny.,
TimeAndDate,Dubai,United Arab Emirates,2026-03-29,36.0,,94.0,,,
TimeAndDate,Dubai,United Arab Emirates,2026-03-28,36.0,,94.0,,,
TimeAndDate,Mumbai,India,2026-03-30T12:24:05.466725+00:00,32.0,,,,Scattered clouds.,
TimeAndDate,Mumbai,India,2026-03-29,35.0,,89.0,,,
TimeAndDate,Mumbai,India,2026-03-28,35.0,,89.0,,,
TimeAndDate,Tokyo,Japan,2026-03-30T12:24:08.626390+00:00,18.0,,,,Overcast.,
TimeAndDate,Tokyo,Japan,2026-03-29,21.0,,98.0,,,
TimeAndDate,Tokyo,Japan,2026-03-28,21.0,,98.0,,,
TimeAndDate,Seoul,South Korea,2026-03-30T12:24:11.092430+00:00,14.0,,,,Light rain. Mostly cloudy.,
TimeAndDate,Seoul,South Korea,2026-03-29,21.0,,100.0,,,
TimeAndDate,Seoul,South Korea,2026-03-28,21.0,,100.0,,,
TimeAndDate,Singapore,Singapore,2026-03-30T12:24:13.972740+00:00,29.0,,,,Passing clouds.,
TimeAndDate,Singapore,Singapore,2026-03-29,34.0,,89.0,,,
TimeAndDate,Singapore,Singapore,2026-03-28,34.0,,89.0,,,
TimeAndDate,Sydney,Australia,2026-03-30T12:24:16.335737+00:00,21.0,,,,Clear.,
TimeAndDate,Sydney,Australia,2026-03-29,30.0,,100.0,,,
TimeAndDate,Sydney,Australia,2026-03-28,30.0,,100.0,,,
TimeAndDate,Melbourne,Australia,2026-03-30T12:24:18.496646+00:00,18.0,,,,Clear.,
TimeAndDate,Melbourne,Australia,2026-03-29,31.0,,100.0,,,
TimeAndDate,Melbourne,Australia,2026-03-28,31.0,,100.0,,,
TimeAndDate,Auckland,New Zealand,2026-03-30T12:24:21.026074+00:00,19.0,,,,Passing clouds.,
TimeAndDate,Auckland,New Zealand,2026-03-29,27.0,,100.0,,,
TimeAndDate,Auckland,New Zealand,2026-03-28,27.0,,100.0,,,
TimeAndDate,Beirut,Lebanon,2026-03-30T12:24:23.371033+00:00,12.0,,,,Scattered clouds.,
TimeAndDate,Beirut,Lebanon,2026-03-29,24.0,,96.0,,,
TimeAndDate,Beirut,Lebanon,2026-03-28,24.0,,96.0,,,
TimeAndDate,New York,United States,2026-03-30T12:24:37.640942+00:00,10.0,,,,Sunny.,
TimeAndDate,New York,United States,2026-03-29,24.0,,100.0,,,
TimeAndDate,New York,United States,2026-03-28,24.0,,100.0,,,
TimeAndDate,Los Angeles,United States,2026-03-30T12:24:39.909610+00:00,14.0,,,,Fog.,
TimeAndDate,Los Angeles,United States,2026-03-29,35.0,,97.0,,,
TimeAndDate,Los Angeles,United States,2026-03-28,35.0,,97.0,,,
TimeAndDate,Chicago,United States,2026-03-30T12:24:42.392023+00:00,12.0,,,,Partly sunny.,
TimeAndDate,Chicago,United States,2026-03-29,25.0,,96.0,,,
TimeAndDate,Chicago,United States,2026-03-28,25.0,,96.0,,,
TimeAndDate,Toronto,Canada,2026-03-30T12:24:45.786607+00:00,8.0,,,,Overcast.,
TimeAndDate,Toronto,Canada,2026-03-29,13.0,,100.0,,,
TimeAndDate,Toronto,Canada,2026-03-28,13.0,,100.0,,,
TimeAndDate,Mexico City,Mexico,2026-03-30T12:24:48.071344+00:00,11.0,,,,Passing clouds.,
TimeAndDate,Mexico City,Mexico,2026-03-29,26.0,,100.0,,,
TimeAndDate,Mexico City,Mexico,2026-03-28,26.0,,100.0,,,
TimeAndDate,Sao Paulo,Brazil,2026-03-30T12:24:50.728985+00:00,22.0,,,,Sunny.,
TimeAndDate,Sao Paulo,Brazil,2026-03-29,31.0,,100.0,,,
TimeAndDate,Sao Paulo,Brazil,2026-03-28,31.0,,100.0,,,
TimeAndDate,Buenos Aires,Argentina,2026-03-30T12:24:52.882199+00:00,23.0,,,,Fog.,
TimeAndDate,Buenos Aires,Argentina,2026-03-29,32.0,,100.0,,,
TimeAndDate,Buenos Aires,Argentina,2026-03-28,32.0,,100.0,,,
TimeAndDate,London,United Kingdom,2026-03-30T12:24:55.389071+00:00,10.0,,,,Scattered clouds.,
TimeAndDate,London,United Kingdom,2026-03-29,20.0,,100.0,,,
TimeAndDate,London,United Kingdom,2026-03-28,20.0,,100.0,,,
TimeAndDate,Paris,France,2026-03-30T12:24:57.939216+00:00,11.0,,,,Broken clouds.,
TimeAndDate,Paris,France,2026-03-29,17.0,,100.0,,,
TimeAndDate,Paris,France,2026-03-28,17.0,,100.0,,,
TimeAndDate,Berlin,Germany,2026-03-30T12:25:00.221617+00:00,7.0,,,,Sprinkles. Partly sunny.,
TimeAndDate,Berlin,Germany,2026-03-29,16.0,,100.0,,,
TimeAndDate,Berlin,Germany,2026-03-28,16.0,,100.0,,,
TimeAndDate,Madrid,Spain,2026-03-30T12:25:02.587976+00:00,15.0,,,,Sunny.,
TimeAndDate,Madrid,Spain,2026-03-29,21.0,,100.0,,,
TimeAndDate,Madrid,Spain,2026-03-28,21.0,,100.0,,,
TimeAndDate,Rome,Italy,2026-03-30T12:25:04.582539+00:00,18.0,,,,Passing clouds.,
TimeAndDate,Rome,Italy,2026-03-29,20.0,,94.0,,,
TimeAndDate,Rome,Italy,2026-03-28,20.0,,94.0,,,
TimeAndDate,Cairo,Egypt,2026-03-30T12:25:06.986456+00:00,22.0,,,,Partly sunny.,
TimeAndDate,Cairo,Egypt,2026-03-29,27.0,,88.0,,,
TimeAndDate,Cairo,Egypt,2026-03-28,27.0,,88.0,,,
TimeAndDate,Nairobi,Kenya,2026-03-30T12:25:10.285905+00:00,26.0,,,,Partly sunny.,
TimeAndDate,Nairobi,Kenya,2026-03-29,27.0,,94.0,,,
TimeAndDate,Nairobi,Kenya,2026-03-28,27.0,,94.0,,,
TimeAndDate,Johannesburg,South Africa,2026-03-30T12:25:13.180141+00:00,28.0,,,,Scattered clouds.,
TimeAndDate,Johannesburg,South Africa,2026-03-29,29.0,,94.0,,,
TimeAndDate,Johannesburg,South Africa,2026-03-28,29.0,,94.0,,,
TimeAndDate,Dubai,United Arab Emirates,2026-03-30T12:25:15.571078+00:00,27.0,,,,Sunny.,
TimeAndDate,Dubai,United Arab Emirates,2026-03-29,36.0,,94.0,,,
TimeAndDate,Dubai,United Arab Emirates,2026-03-28,36.0,,94.0,,,
TimeAndDate,Mumbai,India,2026-03-30T12:25:18.010077+00:00,32.0,,,,Scattered clouds.,
TimeAndDate,Mumbai,India,2026-03-29,35.0,,89.0,,,
TimeAndDate,Mumbai,India,2026-03-28,35.0,,89.0,,,
TimeAndDate,Tokyo,Japan,2026-03-30T12:25:24.825524+00:00,18.0,,,,Overcast.,
TimeAndDate,Tokyo,Japan,2026-03-29,21.0,,98.0,,,
TimeAndDate,Tokyo,Japan,2026-03-28,21.0,,98.0,,,
TimeAndDate,Seoul,South Korea,2026-03-30T12:25:31.778106+00:00,14.0,,,,Light rain. Mostly cloudy.,
TimeAndDate,Seoul,South Korea,2026-03-29,21.0,,100.0,,,
TimeAndDate,Seoul,South Korea,2026-03-28,21.0,,100.0,,,
TimeAndDate,Singapore,Singapore,2026-03-30T12:25:34.810514+00:00,29.0,,,,Passing clouds.,
TimeAndDate,Singapore,Singapore,2026-03-29,34.0,,89.0,,,
TimeAndDate,Singapore,Singapore,2026-03-28,34.0,,89.0,,,
TimeAndDate,Sydney,Australia,2026-03-30T12:25:38.062350+00:00,21.0,,,,Clear.,
TimeAndDate,Sydney,Australia,2026-03-29,30.0,,100.0,,,
TimeAndDate,Sydney,Australia,2026-03-28,30.0,,100.0,,,
TimeAndDate,Melbourne,Australia,2026-03-30T12:25:41.133727+00:00,18.0,,,,Clear.,
TimeAndDate,Melbourne,Australia,2026-03-29,31.0,,100.0,,,
TimeAndDate,Melbourne,Australia,2026-03-28,31.0,,100.0,,,
TimeAndDate,Auckland,New Zealand,2026-03-30T12:25:43.466660+00:00,19.0,,,,Passing clouds.,
TimeAndDate,Auckland,New Zealand,2026-03-29,27.0,,100.0,,,
TimeAndDate,Auckland,New Zealand,2026-03-28,27.0,,100.0,,,
TimeAndDate,Beirut,Lebanon,2026-03-30T12:25:45.721176+00:00,12.0,,,,Scattered clouds.,
TimeAndDate,Beirut,Lebanon,2026-03-29,24.0,,96.0,,,
TimeAndDate,Beirut,Lebanon,2026-03-28,24.0,,96.0,,,
TimeAndDate,New York,United States,2026-03-30T12:25:58.660298+00:00,10.0,,,,Sunny.,
TimeAndDate,New York,United States,2026-03-29,24.0,,100.0,,,
TimeAndDate,New York,United States,2026-03-28,24.0,,100.0,,,
TimeAndDate,Los Angeles,United States,2026-03-30T12:26:00.839573+00:00,14.0,,,,Fog.,
TimeAndDate,Los Angeles,United States,2026-03-29,35.0,,97.0,,,
TimeAndDate,Los Angeles,United States,2026-03-28,35.0,,97.0,,,
TimeAndDate,Chicago,United States,2026-03-30T12:26:03.278886+00:00,12.0,,,,Partly sunny.,
TimeAndDate,Chicago,United States,2026-03-29,25.0,,96.0,,,
TimeAndDate,Chicago,United States,2026-03-28,25.0,,96.0,,,
TimeAndDate,Toronto,Canada,2026-03-30T12:26:06.035319+00:00,8.0,,,,Overcast.,
TimeAndDate,Toronto,Canada,2026-03-29,13.0,,100.0,,,
TimeAndDate,Toronto,Canada,2026-03-28,13.0,,100.0,,,
TimeAndDate,Mexico City,Mexico,2026-03-30T12:26:08.523087+00:00,11.0,,,,Passing clouds.,
TimeAndDate,Mexico City,Mexico,2026-03-29,26.0,,100.0,,,
TimeAndDate,Mexico City,Mexico,2026-03-28,26.0,,100.0,,,
TimeAndDate,Sao Paulo,Brazil,2026-03-30T12:26:11.163146+00:00,22.0,,,,Sunny.,
TimeAndDate,Sao Paulo,Brazil,2026-03-29,31.0,,100.0,,,
TimeAndDate,Sao Paulo,Brazil,2026-03-28,31.0,,100.0,,,
TimeAndDate,Buenos Aires,Argentina,2026-03-30T12:26:13.884933+00:00,23.0,,,,Fog.,
TimeAndDate,Buenos Aires,Argentina,2026-03-29,32.0,,100.0,,,
TimeAndDate,Buenos Aires,Argentina,2026-03-28,32.0,,100.0,,,
TimeAndDate,London,United Kingdom,2026-03-30T12:26:15.958947+00:00,10.0,,,,Scattered clouds.,
TimeAndDate,London,United Kingdom,2026-03-29,20.0,,100.0,,,
TimeAndDate,London,United Kingdom,2026-03-28,20.0,,100.0,,,
TimeAndDate,Paris,France,2026-03-30T12:26:19.400371+00:00,11.0,,,,Broken clouds.,
TimeAndDate,Paris,France,2026-03-29,17.0,,100.0,,,
TimeAndDate,Paris,France,2026-03-28,17.0,,100.0,,,
TimeAndDate,Berlin,Germany,2026-03-30T12:26:25.396771+00:00,7.0,,,,Sprinkles. Partly sunny.,
TimeAndDate,Berlin,Germany,2026-03-29,16.0,,100.0,,,
TimeAndDate,Berlin,Germany,2026-03-28,16.0,,100.0,,,
TimeAndDate,Madrid,Spain,2026-03-30T12:26:30.281143+00:00,15.0,,,,Sunny.,
TimeAndDate,Madrid,Spain,2026-03-29,21.0,,100.0,,,
TimeAndDate,Madrid,Spain,2026-03-28,21.0,,100.0,,,
TimeAndDate,Rome,Italy,2026-03-30T12:26:36.108314+00:00,18.0,,,,Passing clouds.,
TimeAndDate,Rome,Italy,2026-03-29,20.0,,94.0,,,
TimeAndDate,Rome,Italy,2026-03-28,20.0,,94.0,,,
TimeAndDate,Cairo,Egypt,2026-03-30T12:26:40.157918+00:00,22.0,,,,Partly sunny.,
TimeAndDate,Cairo,Egypt,2026-03-29,27.0,,88.0,,,
TimeAndDate,Cairo,Egypt,2026-03-28,27.0,,88.0,,,
TimeAndDate,Nairobi,Kenya,2026-03-30T12:26:46.529858+00:00,26.0,,,,Partly sunny.,
TimeAndDate,Nairobi,Kenya,2026-03-29,27.0,,94.0,,,
TimeAndDate,Nairobi,Kenya,2026-03-28,27.0,,94.0,,,
TimeAndDate,Johannesburg,South Africa,2026-03-30T12:26:56.516320+00:00,28.0,,,,Scattered clouds.,
TimeAndDate,Johannesburg,South Africa,2026-03-29,29.0,,94.0,,,
TimeAndDate,Johannesburg,South Africa,2026-03-28,29.0,,94.0,,,
TimeAndDate,Dubai,United Arab Emirates,2026-03-30T12:27:03.243342+00:00,27.0,,,,Sunny.,
TimeAndDate,Dubai,United Arab Emirates,2026-03-29,36.0,,94.0,,,
TimeAndDate,Dubai,United Arab Emirates,2026-03-28,36.0,,94.0,,,
TimeAndDate,Mumbai,India,2026-03-30T12:27:11.168130+00:00,32.0,,,,Scattered clouds.,
TimeAndDate,Mumbai,India,2026-03-29,35.0,,89.0,,,
TimeAndDate,Mumbai,India,2026-03-28,35.0,,89.0,,,
TimeAndDate,Tokyo,Japan,2026-03-30T12:27:15.832642+00:00,18.0,,,,Overcast.,
TimeAndDate,Tokyo,Japan,2026-03-29,21.0,,98.0,,,
TimeAndDate,Tokyo,Japan,2026-03-28,21.0,,98.0,,,
TimeAndDate,Seoul,South Korea,2026-03-30T12:27:20.981825+00:00,14.0,,,,Light rain. Mostly cloudy.,
TimeAndDate,Seoul,South Korea,2026-03-29,21.0,,100.0,,,
TimeAndDate,Seoul,South Korea,2026-03-28,21.0,,100.0,,,
TimeAndDate,Singapore,Singapore,2026-03-30T12:27:24.831491+00:00,29.0,,,,Passing clouds.,
TimeAndDate,Singapore,Singapore,2026-03-29,34.0,,89.0,,,
TimeAndDate,Singapore,Singapore,2026-03-28,34.0,,89.0,,,
TimeAndDate,Sydney,Australia,2026-03-30T12:27:29.280532+00:00,21.0,,,,Clear.,
TimeAndDate,Sydney,Australia,2026-03-29,30.0,,100.0,,,
TimeAndDate,Sydney,Australia,2026-03-28,30.0,,100.0,,,
TimeAndDate,Melbourne,Australia,2026-03-30T12:27:33.957837+00:00,18.0,,,,Clear.,
TimeAndDate,Melbourne,Australia,2026-03-29,31.0,,100.0,,,
TimeAndDate,Melbourne,Australia,2026-03-28,31.0,,100.0,,,
TimeAndDate,Auckland,New Zealand,2026-03-30T12:27:38.899831+00:00,19.0,,,,Passing clouds.,
TimeAndDate,Auckland,New Zealand,2026-03-29,27.0,,100.0,,,
TimeAndDate,Auckland,New Zealand,2026-03-28,27.0,,100.0,,,
TimeAndDate,Beirut,Lebanon,2026-03-30T12:27:44.767777+00:00,12.0,,,,Scattered clouds.,
TimeAndDate,Beirut,Lebanon,2026-03-29,24.0,,96.0,,,
TimeAndDate,Beirut,Lebanon,2026-03-28,24.0,,96.0,,,
TimeAndDate,New York,United States,2026-03-30T12:27:59.119173+00:00,10.0,,,,Sunny.,
TimeAndDate,New York,United States,2026-03-29,24.0,,100.0,,,
TimeAndDate,New York,United States,2026-03-28,24.0,,100.0,,,
TimeAndDate,Los Angeles,United States,2026-03-30T12:28:02.291548+00:00,14.0,,,,Fog.,
TimeAndDate,Los Angeles,United States,2026-03-29,35.0,,97.0,,,
TimeAndDate,Los Angeles,United States,2026-03-28,35.0,,97.0,,,
TimeAndDate,Chicago,United States,2026-03-30T12:28:05.484778+00:00,12.0,,,,Partly sunny.,
TimeAndDate,Chicago,United States,2026-03-29,25.0,,96.0,,,
TimeAndDate,Chicago,United States,2026-03-28,25.0,,96.0,,,
TimeAndDate,Toronto,Canada,2026-03-30T12:28:12.481792+00:00,8.0,,,,Overcast.,
TimeAndDate,Toronto,Canada,2026-03-29,13.0,,100.0,,,
TimeAndDate,Toronto,Canada,2026-03-28,13.0,,100.0,,,
TimeAndDate,Mexico City,Mexico,2026-03-30T12:28:15.271144+00:00,11.0,,,,Passing clouds.,
TimeAndDate,Mexico City,Mexico,2026-03-29,26.0,,100.0,,,
TimeAndDate,Mexico City,Mexico,2026-03-28,26.0,,100.0,,,
TimeAndDate,Sao Paulo,Brazil,2026-03-30T12:28:17.574688+00:00,22.0,,,,Sunny.,
TimeAndDate,Sao Paulo,Brazil,2026-03-29,31.0,,100.0,,,
TimeAndDate,Sao Paulo,Brazil,2026-03-28,31.0,,100.0,,,
TimeAndDate,Buenos Aires,Argentina,2026-03-30T12:28:19.730949+00:00,23.0,,,,Fog.,
TimeAndDate,Buenos Aires,Argentina,2026-03-29,32.0,,100.0,,,
TimeAndDate,Buenos Aires,Argentina,2026-03-28,32.0,,100.0,,,
TimeAndDate,London,United Kingdom,2026-03-30T12:28:22.183681+00:00,10.0,,,,Scattered clouds.,
TimeAndDate,London,United Kingdom,2026-03-29,20.0,,100.0,,,
TimeAndDate,London,United Kingdom,2026-03-28,20.0,,100.0,,,
TimeAndDate,Paris,France,2026-03-30T12:28:24.835795+00:00,11.0,,,,Broken clouds.,
TimeAndDate,Paris,France,2026-03-29,17.0,,100.0,,,
TimeAndDate,Paris,France,2026-03-28,17.0,,100.0,,,
TimeAndDate,Berlin,Germany,2026-03-30T12:28:27.108494+00:00,7.0,,,,Sprinkles. Partly sunny.,
TimeAndDate,Berlin,Germany,2026-03-29,16.0,,100.0,,,
TimeAndDate,Berlin,Germany,2026-03-28,16.0,,100.0,,,
TimeAndDate,Madrid,Spain,2026-03-30T12:28:30.408761+00:00,15.0,,,,Sunny.,
TimeAndDate,Madrid,Spain,2026-03-29,21.0,,100.0,,,
TimeAndDate,Madrid,Spain,2026-03-28,21.0,,100.0,,,
TimeAndDate,Rome,Italy,2026-03-30T12:28:32.684797+00:00,18.0,,,,Passing clouds.,
TimeAndDate,Rome,Italy,2026-03-29,20.0,,94.0,,,
TimeAndDate,Rome,Italy,2026-03-28,20.0,,94.0,,,
TimeAndDate,Cairo,Egypt,2026-03-30T12:28:35.369062+00:00,22.0,,,,Partly sunny.,
TimeAndDate,Cairo,Egypt,2026-03-29,27.0,,88.0,,,
TimeAndDate,Cairo,Egypt,2026-03-28,27.0,,88.0,,,
TimeAndDate,Nairobi,Kenya,2026-03-30T12:28:38.406242+00:00,26.0,,,,Partly sunny.,
TimeAndDate,Nairobi,Kenya,2026-03-29,27.0,,94.0,,,
TimeAndDate,Nairobi,Kenya,2026-03-28,27.0,,94.0,,,
TimeAndDate,Johannesburg,South Africa,2026-03-30T12:28:41.171627+00:00,28.0,,,,Scattered clouds.,
TimeAndDate,Johannesburg,South Africa,2026-03-29,29.0,,94.0,,,
TimeAndDate,Johannesburg,South Africa,2026-03-28,29.0,,94.0,,,
TimeAndDate,Dubai,United Arab Emirates,2026-03-30T12:28:43.386157+00:00,27.0,,,,Sunny.,
TimeAndDate,Dubai,United Arab Emirates,2026-03-29,36.0,,94.0,,,
TimeAndDate,Dubai,United Arab Emirates,2026-03-28,36.0,,94.0,,,
TimeAndDate,Mumbai,India,2026-03-30T12:28:45.519570+00:00,32.0,,,,Scattered clouds.,
TimeAndDate,Mumbai,India,2026-03-29,35.0,,89.0,,,
TimeAndDate,Mumbai,India,2026-03-28,35.0,,89.0,,,
TimeAndDate,Tokyo,Japan,2026-03-30T12:28:48.473789+00:00,18.0,,,,Overcast.,
TimeAndDate,Tokyo,Japan,2026-03-29,21.0,,98.0,,,
TimeAndDate,Tokyo,Japan,2026-03-28,21.0,,98.0,,,
TimeAndDate,Seoul,South Korea,2026-03-30T12:28:50.750092+00:00,14.0,,,,Light rain. Mostly cloudy.,
TimeAndDate,Seoul,South Korea,2026-03-29,21.0,,100.0,,,
TimeAndDate,Seoul,South Korea,2026-03-28,21.0,,100.0,,,
TimeAndDate,Singapore,Singapore,2026-03-30T12:28:53.389742+00:00,29.0,,,,Passing clouds.,
TimeAndDate,Singapore,Singapore,2026-03-29,34.0,,89.0,,,
TimeAndDate,Singapore,Singapore,2026-03-28,34.0,,89.0,,,
TimeAndDate,Sydney,Australia,2026-03-30T12:28:55.607918+00:00,21.0,,,,Clear.,
TimeAndDate,Sydney,Australia,2026-03-29,30.0,,100.0,,,
TimeAndDate,Sydney,Australia,2026-03-28,30.0,,100.0,,,
TimeAndDate,Melbourne,Australia,2026-03-30T12:28:58.659464+00:00,18.0,,,,Clear.,
TimeAndDate,Melbourne,Australia,2026-03-29,31.0,,100.0,,,
TimeAndDate,Melbourne,Australia,2026-03-28,31.0,,100.0,,,
TimeAndDate,Auckland,New Zealand,2026-03-30T12:29:01.740979+00:00,19.0,,,,Passing clouds.,
TimeAndDate,Auckland,New Zealand,2026-03-29,27.0,,100.0,,,
TimeAndDate,Auckland,New Zealand,2026-03-28,27.0,,100.0,,,
TimeAndDate,Beirut,Lebanon,2026-03-30T12:29:05.320894+00:00,12.0,,,,Scattered clouds.,
TimeAndDate,Beirut,Lebanon,2026-03-29,24.0,,96.0,,,
TimeAndDate,Beirut,Lebanon,2026-03-28,24.0,,96.0,,,
TimeAndDate,New York,United States,2026-03-30T12:29:20.560055+00:00,10.0,,,,Sunny.,
TimeAndDate,New York,United States,2026-03-29,24.0,,100.0,,,
TimeAndDate,New York,United States,2026-03-28,24.0,,100.0,,,
TimeAndDate,Los Angeles,United States,2026-03-30T12:29:24.312392+00:00,14.0,,,,Fog.,
TimeAndDate,Los Angeles,United States,2026-03-29,35.0,,97.0,,,
TimeAndDate,Los Angeles,United States,2026-03-28,35.0,,97.0,,,
TimeAndDate,Chicago,United States,2026-03-30T12:29:27.884488+00:00,12.0,,,,Partly sunny.,
TimeAndDate,Chicago,United States,2026-03-29,25.0,,96.0,,,
TimeAndDate,Chicago,United States,2026-03-28,25.0,,96.0,,,
TimeAndDate,Toronto,Canada,2026-03-30T12:29:31.683434+00:00,8.0,,,,Overcast.,
TimeAndDate,Toronto,Canada,2026-03-29,13.0,,100.0,,,
TimeAndDate,Toronto,Canada,2026-03-28,13.0,,100.0,,,
TimeAndDate,Mexico City,Mexico,2026-03-30T12:29:34.827440+00:00,11.0,,,,Passing clouds.,
TimeAndDate,Mexico City,Mexico,2026-03-29,26.0,,100.0,,,
TimeAndDate,Mexico City,Mexico,2026-03-28,26.0,,100.0,,,
TimeAndDate,Sao Paulo,Brazil,2026-03-30T12:29:38.294419+00:00,22.0,,,,Sunny.,
TimeAndDate,Sao Paulo,Brazil,2026-03-29,31.0,,100.0,,,
TimeAndDate,Sao Paulo,Brazil,2026-03-28,31.0,,100.0,,,
TimeAndDate,Buenos Aires,Argentina,2026-03-30T12:29:42.378921+00:00,23.0,,,,Fog.,
TimeAndDate,Buenos Aires,Argentina,2026-03-29,32.0,,100.0,,,
TimeAndDate,Buenos Aires,Argentina,2026-03-28,32.0,,100.0,,,
TimeAndDate,London,United Kingdom,2026-03-30T12:29:45.557892+00:00,10.0,,,,Scattered clouds.,
TimeAndDate,London,United Kingdom,2026-03-29,20.0,,100.0,,,
TimeAndDate,London,United Kingdom,2026-03-28,20.0,,100.0,,,
TimeAndDate,Paris,France,2026-03-30T12:29:48.647370+00:00,11.0,,,,Broken clouds.,
TimeAndDate,Paris,France,2026-03-29,17.0,,100.0,,,
TimeAndDate,Paris,France,2026-03-28,17.0,,100.0,,,
TimeAndDate,Berlin,Germany,2026-03-30T12:29:51.542200+00:00,7.0,,,,Sprinkles. Partly sunny.,
TimeAndDate,Berlin,Germany,2026-03-29,16.0,,100.0,,,
TimeAndDate,Berlin,Germany,2026-03-28,16.0,,100.0,,,
TimeAndDate,Madrid,Spain,2026-03-30T12:29:53.917490+00:00,15.0,,,,Sunny.,
TimeAndDate,Madrid,Spain,2026-03-29,21.0,,100.0,,,
TimeAndDate,Madrid,Spain,2026-03-28,21.0,,100.0,,,
TimeAndDate,Rome,Italy,2026-03-30T12:29:55.949858+00:00,18.0,,,,Passing clouds.,
TimeAndDate,Rome,Italy,2026-03-29,20.0,,94.0,,,
TimeAndDate,Rome,Italy,2026-03-28,20.0,,94.0,,,
TimeAndDate,Cairo,Egypt,2026-03-30T12:29:58.828428+00:00,22.0,,,,Partly sunny.,
TimeAndDate,Cairo,Egypt,2026-03-29,27.0,,88.0,,,
TimeAndDate,Cairo,Egypt,2026-03-28,27.0,,88.0,,,
TimeAndDate,Nairobi,Kenya,2026-03-30T12:30:01.023081+00:00,26.0,,,,Partly sunny.,
TimeAndDate,Nairobi,Kenya,2026-03-29,27.0,,94.0,,,
TimeAndDate,Nairobi,Kenya,2026-03-28,27.0,,94.0,,,
TimeAndDate,Johannesburg,South Africa,2026-03-30T12:30:03.227455+00:00,28.0,,,,Scattered clouds.,
TimeAndDate,Johannesburg,South Africa,2026-03-29,29.0,,94.0,,,
TimeAndDate,Johannesburg,South Africa,2026-03-28,29.0,,94.0,,,
TimeAndDate,Dubai,United Arab Emirates,2026-03-30T12:30:05.311725+00:00,27.0,,,,Sunny.,
TimeAndDate,Dubai,United Arab Emirates,2026-03-29,36.0,,94.0,,,
TimeAndDate,Dubai,United Arab Emirates,2026-03-28,36.0,,94.0,,,
TimeAndDate,Mumbai,India,2026-03-30T12:30:07.424948+00:00,32.0,,,,Scattered clouds.,
TimeAndDate,Mumbai,India,2026-03-29,35.0,,89.0,,,
TimeAndDate,Mumbai,India,2026-03-28,35.0,,89.0,,,
TimeAndDate,Tokyo,Japan,2026-03-30T12:30:10.244612+00:00,18.0,,,,Overcast.,
TimeAndDate,Tokyo,Japan,2026-03-29,21.0,,98.0,,,
TimeAndDate,Tokyo,Japan,2026-03-28,21.0,,98.0,,,
TimeAndDate,Seoul,South Korea,2026-03-30T12:30:13.017181+00:00,14.0,,,,Light rain. Mostly cloudy.,
TimeAndDate,Seoul,South Korea,2026-03-29,21.0,,100.0,,,
TimeAndDate,Seoul,South Korea,2026-03-28,21.0,,100.0,,,
TimeAndDate,Singapore,Singapore,2026-03-30T12:30:15.631348+00:00,29.0,,,,Passing clouds.,
TimeAndDate,Singapore,Singapore,2026-03-29,34.0,,89.0,,,
TimeAndDate,Singapore,Singapore,2026-03-28,34.0,,89.0,,,
TimeAndDate,Sydney,Australia,2026-03-30T12:30:17.966709+00:00,21.0,,,,Clear.,
TimeAndDate,Sydney,Australia,2026-03-29,30.0,,100.0,,,
TimeAndDate,Sydney,Australia,2026-03-28,30.0,,100.0,,,
TimeAndDate,Melbourne,Australia,2026-03-30T12:30:20.525114+00:00,18.0,,,,Clear.,
TimeAndDate,Melbourne,Australia,2026-03-29,31.0,,100.0,,,
TimeAndDate,Melbourne,Australia,2026-03-28,31.0,,100.0,,,
TimeAndDate,Auckland,New Zealand,2026-03-30T12:30:22.827976+00:00,19.0,,,,Passing clouds.,
TimeAndDate,Auckland,New Zealand,2026-03-29,27.0,,100.0,,,
TimeAndDate,Auckland,New Zealand,2026-03-28,27.0,,100.0,,,
TimeAndDate,Beirut,Lebanon,2026-03-30T12:30:25.847258+00:00,12.0,,,,Scattered clouds.,
TimeAndDate,Beirut,Lebanon,2026-03-29,24.0,,96.0,,,
TimeAndDate,Beirut,Lebanon,2026-03-28,24.0,,96.0,,,
TimeAndDate,New York,United States,2026-03-30T12:30:39.504007+00:00,10.0,,,,Sunny.,
TimeAndDate,New York,United States,2026-03-29,24.0,,100.0,,,
TimeAndDate,New York,United States,2026-03-28,24.0,,100.0,,,
TimeAndDate,Los Angeles,United States,2026-03-30T12:30:42.199141+00:00,14.0,,,,Fog.,
TimeAndDate,Los Angeles,United States,2026-03-29,35.0,,97.0,,,
TimeAndDate,Los Angeles,United States,2026-03-28,35.0,,97.0,,,
TimeAndDate,Chicago,United States,2026-03-30T12:30:44.706699+00:00,12.0,,,,Partly sunny.,
TimeAndDate,Chicago,United States,2026-03-29,25.0,,96.0,,,
TimeAndDate,Chicago,United States,2026-03-28,25.0,,96.0,,,
TimeAndDate,Toronto,Canada,2026-03-30T12:30:47.623005+00:00,8.0,,,,Overcast.,
TimeAndDate,Toronto,Canada,2026-03-29,13.0,,100.0,,,
TimeAndDate,Toronto,Canada,2026-03-28,13.0,,100.0,,,
TimeAndDate,Mexico City,Mexico,2026-03-30T12:30:50.553060+00:00,11.0,,,,Passing clouds.,
TimeAndDate,Mexico City,Mexico,2026-03-29,26.0,,100.0,,,
TimeAndDate,Mexico City,Mexico,2026-03-28,26.0,,100.0,,,
TimeAndDate,Sao Paulo,Brazil,2026-03-30T12:30:53.148623+00:00,22.0,,,,Sunny.,
TimeAndDate,Sao Paulo,Brazil,2026-03-29,31.0,,100.0,,,
TimeAndDate,Sao Paulo,Brazil,2026-03-28,31.0,,100.0,,,
TimeAndDate,Buenos Aires,Argentina,2026-03-30T12:30:55.381592+00:00,23.0,,,,Fog.,
TimeAndDate,Buenos Aires,Argentina,2026-03-29,32.0,,100.0,,,
TimeAndDate,Buenos Aires,Argentina,2026-03-28,32.0,,100.0,,,
TimeAndDate,London,United Kingdom,2026-03-30T12:30:57.983493+00:00,10.0,,,,Scattered clouds.,
TimeAndDate,London,United Kingdom,2026-03-29,20.0,,100.0,,,
TimeAndDate,London,United Kingdom,2026-03-28,20.0,,100.0,,,
TimeAndDate,Paris,France,2026-03-30T12:31:00.485447+00:00,11.0,,,,Broken clouds.,
TimeAndDate,Paris,France,2026-03-29,17.0,,100.0,,,
TimeAndDate,Paris,France,2026-03-28,17.0,,100.0,,,
TimeAndDate,Berlin,Germany,2026-03-30T12:31:03.976554+00:00,7.0,,,,Sprinkles. Partly sunny.,
TimeAndDate,Berlin,Germany,2026-03-29,16.0,,100.0,,,
TimeAndDate,Berlin,Germany,2026-03-28,16.0,,100.0,,,
TimeAndDate,Madrid,Spain,2026-03-30T12:31:06.234325+00:00,15.0,,,,Sunny.,
TimeAndDate,Madrid,Spain,2026-03-29,21.0,,100.0,,,
TimeAndDate,Madrid,Spain,2026-03-28,21.0,,100.0,,,
TimeAndDate,Rome,Italy,2026-03-30T12:31:09.492787+00:00,18.0,,,,Passing clouds.,
TimeAndDate,Rome,Italy,2026-03-29,20.0,,94.0,,,
TimeAndDate,Rome,Italy,2026-03-28,20.0,,94.0,,,
TimeAndDate,Cairo,Egypt,2026-03-30T12:31:12.128803+00:00,22.0,,,,Partly sunny.,
TimeAndDate,Cairo,Egypt,2026-03-29,27.0,,88.0,,,
TimeAndDate,Cairo,Egypt,2026-03-28,27.0,,88.0,,,
TimeAndDate,Nairobi,Kenya,2026-03-30T12:31:15.216586+00:00,26.0,,,,Partly sunny.,
TimeAndDate,Nairobi,Kenya,2026-03-29,27.0,,94.0,,,
TimeAndDate,Nairobi,Kenya,2026-03-28,27.0,,94.0,,,
TimeAndDate,Johannesburg,South Africa,2026-03-30T12:31:18.096796+00:00,28.0,,,,Scattered clouds.,
TimeAndDate,Johannesburg,South Africa,2026-03-29,29.0,,94.0,,,
TimeAndDate,Johannesburg,South Africa,2026-03-28,29.0,,94.0,,,
TimeAndDate,Dubai,United Arab Emirates,2026-03-30T12:31:21.219636+00:00,27.0,,,,Sunny.,
TimeAndDate,Dubai,United Arab Emirates,2026-03-29,36.0,,94.0,,,
TimeAndDate,Dubai,United Arab Emirates,2026-03-28,36.0,,94.0,,,
TimeAndDate,Mumbai,India,2026-03-30T12:31:24.616809+00:00,32.0,,,,Scattered clouds.,
TimeAndDate,Mumbai,India,2026-03-29,35.0,,89.0,,,
TimeAndDate,Mumbai,India,2026-03-28,35.0,,89.0,,,
TimeAndDate,Tokyo,Japan,2026-03-30T12:31:27.208188+00:00,18.0,,,,Overcast.,
TimeAndDate,Tokyo,Japan,2026-03-29,21.0,,98.0,,,
TimeAndDate,Tokyo,Japan,2026-03-28,21.0,,98.0,,,
TimeAndDate,Seoul,South Korea,2026-03-30T12:31:29.910653+00:00,14.0,,,,Light rain. Mostly cloudy.,
TimeAndDate,Seoul,South Korea,2026-03-29,21.0,,100.0,,,
TimeAndDate,Seoul,South Korea,2026-03-28,21.0,,100.0,,,
TimeAndDate,Singapore,Singapore,2026-03-30T12:31:32.390726+00:00,29.0,,,,Passing clouds.,
TimeAndDate,Singapore,Singapore,2026-03-29,34.0,,89.0,,,
TimeAndDate,Singapore,Singapore,2026-03-28,34.0,,89.0,,,
TimeAndDate,Sydney,Australia,2026-03-30T12:31:34.801431+00:00,21.0,,,,Clear.,
TimeAndDate,Sydney,Australia,2026-03-29,30.0,,100.0,,,
TimeAndDate,Sydney,Australia,2026-03-28,30.0,,100.0,,,
TimeAndDate,Melbourne,Australia,2026-03-30T12:31:38.544193+00:00,18.0,,,,Clear.,
TimeAndDate,Melbourne,Australia,2026-03-29,31.0,,100.0,,,
TimeAndDate,Melbourne,Australia,2026-03-28,31.0,,100.0,,,
TimeAndDate,Auckland,New Zealand,2026-03-30T12:31:43.729978+00:00,19.0,,,,Passing clouds.,
TimeAndDate,Auckland,New Zealand,2026-03-29,27.0,,100.0,,,
TimeAndDate,Auckland,New Zealand,2026-03-28,27.0,,100.0,,,
TimeAndDate,Beirut,Lebanon,2026-03-30T12:31:45.995188+00:00,12.0,,,,Scattered clouds.,
TimeAndDate,Beirut,Lebanon,2026-03-29,24.0,,96.0,,,
TimeAndDate,Beirut,Lebanon,2026-03-28,24.0,,96.0,,,
TimeAndDate,New York,United States,2026-03-30T12:31:59.872963+00:00,10.0,,,,Sunny.,
TimeAndDate,New York,United States,2026-03-29,24.0,,100.0,,,
TimeAndDate,New York,United States,2026-03-28,24.0,,100.0,,,
TimeAndDate,Los Angeles,United States,2026-03-30T12:32:02.528624+00:00,14.0,,,,Fog.,
TimeAndDate,Los Angeles,United States,2026-03-29,35.0,,97.0,,,
TimeAndDate,Los Angeles,United States,2026-03-28,35.0,,97.0,,,
TimeAndDate,Chicago,United States,2026-03-30T12:32:04.647920+00:00,12.0,,,,Partly sunny.,
TimeAndDate,Chicago,United States,2026-03-29,25.0,,96.0,,,
TimeAndDate,Chicago,United States,2026-03-28,25.0,,96.0,,,
TimeAndDate,Toronto,Canada,2026-03-30T12:32:07.099601+00:00,8.0,,,,Overcast.,
TimeAndDate,Toronto,Canada,2026-03-29,13.0,,100.0,,,
TimeAndDate,Toronto,Canada,2026-03-28,13.0,,100.0,,,
TimeAndDate,Mexico City,Mexico,2026-03-30T12:32:09.556405+00:00,11.0,,,,Passing clouds.,
TimeAndDate,Mexico City,Mexico,2026-03-29,26.0,,100.0,,,
TimeAndDate,Mexico City,Mexico,2026-03-28,26.0,,100.0,,,
TimeAndDate,Sao Paulo,Brazil,2026-03-30T12:32:11.686574+00:00,22.0,,,,Sunny.,
TimeAndDate,Sao Paulo,Brazil,2026-03-29,31.0,,100.0,,,
TimeAndDate,Sao Paulo,Brazil,2026-03-28,31.0,,100.0,,,
TimeAndDate,Buenos Aires,Argentina,2026-03-30T12:32:14.872128+00:00,23.0,,,,Fog.,
TimeAndDate,Buenos Aires,Argentina,2026-03-29,32.0,,100.0,,,
TimeAndDate,Buenos Aires,Argentina,2026-03-28,32.0,,100.0,,,
TimeAndDate,London,United Kingdom,2026-03-30T12:32:17.587501+00:00,10.0,,,,Scattered clouds.,
TimeAndDate,London,United Kingdom,2026-03-29,20.0,,100.0,,,
TimeAndDate,London,United Kingdom,2026-03-28,20.0,,100.0,,,
TimeAndDate,Paris,France,2026-03-30T12:32:20.422417+00:00,11.0,,,,Broken clouds.,
TimeAndDate,Paris,France,2026-03-29,17.0,,100.0,,,
TimeAndDate,Paris,France,2026-03-28,17.0,,100.0,,,
TimeAndDate,Berlin,Germany,2026-03-30T12:32:23.282222+00:00,7.0,,,,Sprinkles. Partly sunny.,
TimeAndDate,Berlin,Germany,2026-03-29,16.0,,100.0,,,
TimeAndDate,Berlin,Germany,2026-03-28,16.0,,100.0,,,
TimeAndDate,Madrid,Spain,2026-03-30T12:32:25.653808+00:00,15.0,,,,Sunny.,
TimeAndDate,Madrid,Spain,2026-03-29,21.0,,100.0,,,
TimeAndDate,Madrid,Spain,2026-03-28,21.0,,100.0,,,
TimeAndDate,Rome,Italy,2026-03-30T12:32:28.044539+00:00,18.0,,,,Passing clouds.,
TimeAndDate,Rome,Italy,2026-03-29,20.0,,94.0,,,
TimeAndDate,Rome,Italy,2026-03-28,20.0,,94.0,,,
TimeAndDate,Cairo,Egypt,2026-03-30T12:32:31.178384+00:00,22.0,,,,Partly sunny.,
TimeAndDate,Cairo,Egypt,2026-03-29,27.0,,88.0,,,
TimeAndDate,Cairo,Egypt,2026-03-28,27.0,,88.0,,,
TimeAndDate,Nairobi,Kenya,2026-03-30T12:32:36.278773+00:00,26.0,,,,Partly sunny.,
TimeAndDate,Nairobi,Kenya,2026-03-29,27.0,,94.0,,,
TimeAndDate,Nairobi,Kenya,2026-03-28,27.0,,94.0,,,
TimeAndDate,Johannesburg,South Africa,2026-03-30T12:32:46.567022+00:00,28.0,,,,Scattered clouds.,
TimeAndDate,Johannesburg,South Africa,2026-03-29,29.0,,94.0,,,
TimeAndDate,Johannesburg,South Africa,2026-03-28,29.0,,94.0,,,
TimeAndDate,Dubai,United Arab Emirates,2026-03-30T12:32:52.871472+00:00,27.0,,,,Sunny.,
TimeAndDate,Dubai,United Arab Emirates,2026-03-29,36.0,,94.0,,,
TimeAndDate,Dubai,United Arab Emirates,2026-03-28,36.0,,94.0,,,
TimeAndDate,Mumbai,India,2026-03-30T12:33:01.816627+00:00,32.0,,,,Scattered clouds.,
TimeAndDate,Mumbai,India,2026-03-29,35.0,,89.0,,,
TimeAndDate,Mumbai,India,2026-03-28,35.0,,89.0,,,
TimeAndDate,Tokyo,Japan,2026-03-30T12:33:11.776922+00:00,18.0,,,,Overcast.,
TimeAndDate,Tokyo,Japan,2026-03-29,21.0,,98.0,,,
TimeAndDate,Tokyo,Japan,2026-03-28,21.0,,98.0,,,
TimeAndDate,Seoul,South Korea,2026-03-30T12:33:17.368020+00:00,14.0,,,,Light rain. Mostly cloudy.,
TimeAndDate,Seoul,South Korea,2026-03-29,21.0,,100.0,,,
TimeAndDate,Seoul,South Korea,2026-03-28,21.0,,100.0,,,
TimeAndDate,Singapore,Singapore,2026-03-30T12:33:22.405964+00:00,29.0,,,,Passing clouds.,
TimeAndDate,Singapore,Singapore,2026-03-29,34.0,,89.0,,,
TimeAndDate,Singapore,Singapore,2026-03-28,34.0,,89.0,,,
TimeAndDate,Sydney,Australia,2026-03-30T12:33:29.339156+00:00,21.0,,,,Clear.,
TimeAndDate,Sydney,Australia,2026-03-29,30.0,,100.0,,,
TimeAndDate,Sydney,Australia,2026-03-28,30.0,,100.0,,,
TimeAndDate,Beirut,Lebanon,2026-03-30T12:40:08.498434+00:00,12.0,10.0,68.0,29.0,Scattered clouds.,8.0
TimeAndDate,Beirut,Lebanon,2026-03-29,24.0,,96.0,,,
TimeAndDate,Beirut,Lebanon,2026-03-28,24.0,,96.0,,,
TimeAndDate,New York,United States,2026-03-30T12:40:28.691042+00:00,10.0,8.0,74.0,17.0,Sunny.,0.0
TimeAndDate,New York,United States,2026-03-29,24.0,,100.0,,,
TimeAndDate,New York,United States,2026-03-28,24.0,,100.0,,,
TimeAndDate,Los Angeles,United States,2026-03-30T12:40:33.484751+00:00,14.0,14.0,96.0,6.0,Fog.,0.0
TimeAndDate,Los Angeles,United States,2026-03-29,35.0,,97.0,,,
TimeAndDate,Los Angeles,United States,2026-03-28,35.0,,97.0,,,
TimeAndDate,Chicago,United States,2026-03-30T12:40:37.244417+00:00,12.0,10.0,59.0,13.0,Partly sunny.,3.0
TimeAndDate,Chicago,United States,2026-03-29,25.0,,96.0,,,
TimeAndDate,Chicago,United States,2026-03-28,25.0,,96.0,,,
TimeAndDate,Toronto,Canada,2026-03-30T12:40:42.551323+00:00,8.0,6.0,46.0,11.0,Overcast.,0.0
TimeAndDate,Toronto,Canada,2026-03-29,13.0,,100.0,,,
TimeAndDate,Toronto,Canada,2026-03-28,13.0,,100.0,,,
TimeAndDate,Mexico City,Mexico,2026-03-30T12:40:47.169766+00:00,11.0,10.0,77.0,7.0,Passing clouds.,2.0
TimeAndDate,Mexico City,Mexico,2026-03-29,26.0,,100.0,,,
TimeAndDate,Mexico City,Mexico,2026-03-28,26.0,,100.0,,,
TimeAndDate,Sao Paulo,Brazil,2026-03-30T12:40:52.084347+00:00,22.0,22.0,78.0,7.0,Sunny.,0.0
TimeAndDate,Sao Paulo,Brazil,2026-03-29,31.0,,100.0,,,
TimeAndDate,Sao Paulo,Brazil,2026-03-28,31.0,,100.0,,,
TimeAndDate,Buenos Aires,Argentina,2026-03-30T12:40:57.326009+00:00,23.0,21.0,94.0,15.0,Fog.,5.0
TimeAndDate,Buenos Aires,Argentina,2026-03-29,32.0,,100.0,,,
TimeAndDate,Buenos Aires,Argentina,2026-03-28,32.0,,100.0,,,
TimeAndDate,London,United Kingdom,2026-03-30T12:41:02.513418+00:00,10.0,7.0,71.0,24.0,Scattered clouds.,22.0
TimeAndDate,London,United Kingdom,2026-03-29,20.0,,100.0,,,
TimeAndDate,London,United Kingdom,2026-03-28,20.0,,100.0,,,
TimeAndDate,Paris,France,2026-03-30T12:41:09.431638+00:00,11.0,8.0,54.0,26.0,Broken clouds.,21.0
TimeAndDate,Paris,France,2026-03-29,17.0,,100.0,,,
TimeAndDate,Paris,France,2026-03-28,17.0,,100.0,,,
TimeAndDate,Berlin,Germany,2026-03-30T12:41:14.647241+00:00,7.0,4.0,81.0,17.0,Sprinkles. Partly sunny.,56.0
TimeAndDate,Berlin,Germany,2026-03-29,16.0,,100.0,,,
TimeAndDate,Berlin,Germany,2026-03-28,16.0,,100.0,,,
TimeAndDate,Madrid,Spain,2026-03-30T12:41:19.474838+00:00,15.0,15.0,34.0,4.0,Sunny.,0.0
TimeAndDate,Madrid,Spain,2026-03-29,21.0,,100.0,,,
TimeAndDate,Madrid,Spain,2026-03-28,21.0,,100.0,,,
TimeAndDate,Rome,Italy,2026-03-30T12:41:23.587097+00:00,18.0,18.0,43.0,9.0,Passing clouds.,3.0
TimeAndDate,Rome,Italy,2026-03-29,20.0,,94.0,,,
TimeAndDate,Rome,Italy,2026-03-28,20.0,,94.0,,,
TimeAndDate,Cairo,Egypt,2026-03-30T12:41:28.707004+00:00,22.0,25.0,36.0,15.0,Partly sunny.,0.0
TimeAndDate,Cairo,Egypt,2026-03-29,27.0,,88.0,,,
TimeAndDate,Cairo,Egypt,2026-03-28,27.0,,88.0,,,
TimeAndDate,Nairobi,Kenya,2026-03-30T12:41:33.250689+00:00,25.0,26.0,42.0,19.0,Partly sunny.,21.0
TimeAndDate,Nairobi,Kenya,2026-03-29,27.0,,94.0,,,
TimeAndDate,Nairobi,Kenya,2026-03-28,27.0,,94.0,,,
TimeAndDate,Johannesburg,South Africa,2026-03-30T12:41:39.100523+00:00,27.0,27.0,45.0,9.0,Scattered clouds.,1.0
TimeAndDate,Johannesburg,South Africa,2026-03-29,29.0,,94.0,,,
TimeAndDate,Johannesburg,South Africa,2026-03-28,29.0,,94.0,,,
TimeAndDate,Dubai,United Arab Emirates,2026-03-30T12:41:42.881613+00:00,27.0,27.0,34.0,13.0,Sunny.,0.0
TimeAndDate,Dubai,United Arab Emirates,2026-03-29,36.0,,94.0,,,
TimeAndDate,Dubai,United Arab Emirates,2026-03-28,36.0,,94.0,,,
TimeAndDate,Mumbai,India,2026-03-30T12:41:47.300172+00:00,32.0,41.0,68.0,14.0,Scattered clouds.,0.0
TimeAndDate,Mumbai,India,2026-03-29,35.0,,89.0,,,
TimeAndDate,Mumbai,India,2026-03-28,35.0,,89.0,,,
TimeAndDate,Tokyo,Japan,2026-03-30T12:41:52.573348+00:00,17.0,17.0,75.0,36.0,Overcast.,0.0
TimeAndDate,Tokyo,Japan,2026-03-29,21.0,,98.0,,,
TimeAndDate,Tokyo,Japan,2026-03-28,21.0,,98.0,,,
TimeAndDate,Seoul,South Korea,2026-03-30T12:41:56.832934+00:00,14.0,14.0,59.0,6.0,Light rain. Mostly cloudy.,10.0
TimeAndDate,Seoul,South Korea,2026-03-29,21.0,,100.0,,,
TimeAndDate,Seoul,South Korea,2026-03-28,21.0,,100.0,,,
TimeAndDate,Singapore,Singapore,2026-03-30T12:42:17.401966+00:00,29.0,33.0,70.0,11.0,Passing clouds.,15.0
TimeAndDate,Singapore,Singapore,2026-03-29,34.0,,89.0,,,
TimeAndDate,Singapore,Singapore,2026-03-28,34.0,,89.0,,,
TimeAndDate,Sydney,Australia,2026-03-30T12:42:21.288811+00:00,21.0,21.0,60.0,9.0,Passing clouds.,0.0
TimeAndDate,Sydney,Australia,2026-03-29,30.0,,100.0,,,
TimeAndDate,Sydney,Australia,2026-03-28,30.0,,100.0,,,
TimeAndDate,Melbourne,Australia,2026-03-30T12:42:25.615919+00:00,18.0,18.0,60.0,20.0,Clear.,0.0
TimeAndDate,Melbourne,Australia,2026-03-29,31.0,,100.0,,,
TimeAndDate,Melbourne,Australia,2026-03-28,31.0,,100.0,,,
TimeAndDate,Auckland,New Zealand,2026-03-30T12:42:30.769614+00:00,19.0,19.0,94.0,26.0,Passing clouds.,28.0
TimeAndDate,Auckland,New Zealand,2026-03-29,27.0,,100.0,,,
TimeAndDate,Auckland,New Zealand,2026-03-28,27.0,,100.0,,,
TimeAndDate,Beirut,Lebanon,2026-03-30T12:42:37.851842+00:00,12.0,10.0,68.0,29.0,Scattered clouds.,8.0
TimeAndDate,Beirut,Lebanon,2026-03-26,24.0,,96.0,,,
TimeAndDate,Beirut,Lebanon,2026-03-25,24.0,,96.0,,,
TimeAndDate,Beirut,Lebanon,2026-03-24,24.0,,96.0,,,
TimeAndDate,New York,United States,2026-03-30T12:42:55.567738+00:00,10.0,8.0,74.0,17.0,Sunny.,0.0
TimeAndDate,New York,United States,2026-03-26,24.0,,100.0,,,
TimeAndDate,New York,United States,2026-03-25,24.0,,100.0,,,
TimeAndDate,New York,United States,2026-03-24,24.0,,100.0,,,
TimeAndDate,Los Angeles,United States,2026-03-30T12:43:02.535506+00:00,14.0,14.0,96.0,6.0,Fog.,0.0
TimeAndDate,Los Angeles,United States,2026-03-26,35.0,,97.0,,,
TimeAndDate,Los Angeles,United States,2026-03-25,35.0,,97.0,,,
TimeAndDate,Los Angeles,United States,2026-03-24,35.0,,97.0,,,
TimeAndDate,Chicago,United States,2026-03-30T12:43:08.008810+00:00,12.0,10.0,59.0,13.0,Partly sunny.,3.0
TimeAndDate,Chicago,United States,2026-03-26,25.0,,96.0,,,
TimeAndDate,Chicago,United States,2026-03-25,25.0,,96.0,,,
TimeAndDate,Chicago,United States,2026-03-24,25.0,,96.0,,,
TimeAndDate,Toronto,Canada,2026-03-30T12:43:16.220765+00:00,8.0,6.0,46.0,11.0,Overcast.,0.0
TimeAndDate,Toronto,Canada,2026-03-26,13.0,,100.0,,,
TimeAndDate,Toronto,Canada,2026-03-25,13.0,,100.0,,,
TimeAndDate,Toronto,Canada,2026-03-24,13.0,,100.0,,,
TimeAndDate,Mexico City,Mexico,2026-03-30T12:43:20.229702+00:00,11.0,10.0,77.0,7.0,Passing clouds.,2.0
TimeAndDate,Mexico City,Mexico,2026-03-26,26.0,,100.0,,,
TimeAndDate,Mexico City,Mexico,2026-03-25,26.0,,100.0,,,
TimeAndDate,Mexico City,Mexico,2026-03-24,26.0,,100.0,,,
TimeAndDate,Sao Paulo,Brazil,2026-03-30T12:43:24.371871+00:00,22.0,22.0,78.0,7.0,Sunny.,0.0
TimeAndDate,Sao Paulo,Brazil,2026-03-26,31.0,,100.0,,,
TimeAndDate,Sao Paulo,Brazil,2026-03-25,31.0,,100.0,,,
TimeAndDate,Sao Paulo,Brazil,2026-03-24,31.0,,100.0,,,
TimeAndDate,Buenos Aires,Argentina,2026-03-30T12:43:29.839748+00:00,23.0,21.0,94.0,15.0,Fog.,5.0
TimeAndDate,Buenos Aires,Argentina,2026-03-26,32.0,,100.0,,,
TimeAndDate,Buenos Aires,Argentina,2026-03-25,32.0,,100.0,,,
TimeAndDate,Buenos Aires,Argentina,2026-03-24,32.0,,100.0,,,
TimeAndDate,London,United Kingdom,2026-03-30T12:43:34.129455+00:00,10.0,7.0,71.0,24.0,Scattered clouds.,22.0
TimeAndDate,London,United Kingdom,2026-03-26,20.0,,100.0,,,
TimeAndDate,London,United Kingdom,2026-03-25,20.0,,100.0,,,
TimeAndDate,London,United Kingdom,2026-03-24,20.0,,100.0,,,
TimeAndDate,Paris,France,2026-03-30T12:43:39.042386+00:00,11.0,8.0,54.0,26.0,Broken clouds.,21.0
TimeAndDate,Paris,France,2026-03-26,17.0,,100.0,,,
TimeAndDate,Paris,France,2026-03-25,17.0,,100.0,,,
TimeAndDate,Paris,France,2026-03-24,17.0,,100.0,,,
TimeAndDate,Berlin,Germany,2026-03-30T12:43:45.798064+00:00,7.0,4.0,81.0,17.0,Sprinkles. Partly sunny.,56.0
TimeAndDate,Berlin,Germany,2026-03-26,16.0,,100.0,,,
TimeAndDate,Berlin,Germany,2026-03-25,16.0,,100.0,,,
TimeAndDate,Berlin,Germany,2026-03-24,16.0,,100.0,,,
TimeAndDate,Madrid,Spain,2026-03-30T12:43:52.988595+00:00,15.0,15.0,34.0,4.0,Sunny.,0.0
TimeAndDate,Madrid,Spain,2026-03-26,21.0,,100.0,,,
TimeAndDate,Madrid,Spain,2026-03-25,21.0,,100.0,,,
TimeAndDate,Madrid,Spain,2026-03-24,21.0,,100.0,,,
TimeAndDate,Rome,Italy,2026-03-30T12:43:57.909781+00:00,18.0,18.0,43.0,9.0,Passing clouds.,3.0
TimeAndDate,Rome,Italy,2026-03-26,20.0,,94.0,,,
TimeAndDate,Rome,Italy,2026-03-25,20.0,,94.0,,,
TimeAndDate,Rome,Italy,2026-03-24,20.0,,94.0,,,
TimeAndDate,Cairo,Egypt,2026-03-30T12:44:03.103271+00:00,22.0,25.0,36.0,15.0,Partly sunny.,0.0
TimeAndDate,Cairo,Egypt,2026-03-26,27.0,,88.0,,,
TimeAndDate,Cairo,Egypt,2026-03-25,27.0,,88.0,,,
TimeAndDate,Cairo,Egypt,2026-03-24,27.0,,88.0,,,
TimeAndDate,Nairobi,Kenya,2026-03-30T12:44:08.279506+00:00,25.0,26.0,42.0,19.0,Partly sunny.,21.0
TimeAndDate,Nairobi,Kenya,2026-03-26,27.0,,94.0,,,
TimeAndDate,Nairobi,Kenya,2026-03-25,27.0,,94.0,,,
TimeAndDate,Nairobi,Kenya,2026-03-24,27.0,,94.0,,,
TimeAndDate,Johannesburg,South Africa,2026-03-30T12:44:17.026527+00:00,27.0,27.0,45.0,9.0,Scattered clouds.,1.0
TimeAndDate,Johannesburg,South Africa,2026-03-26,29.0,,94.0,,,
TimeAndDate,Johannesburg,South Africa,2026-03-25,29.0,,94.0,,,
TimeAndDate,Johannesburg,South Africa,2026-03-24,29.0,,94.0,,,
TimeAndDate,Dubai,United Arab Emirates,2026-03-30T12:44:22.024240+00:00,27.0,27.0,34.0,13.0,Sunny.,0.0
TimeAndDate,Dubai,United Arab Emirates,2026-03-26,36.0,,94.0,,,
TimeAndDate,Dubai,United Arab Emirates,2026-03-25,36.0,,94.0,,,
TimeAndDate,Dubai,United Arab Emirates,2026-03-24,36.0,,94.0,,,
TimeAndDate,Mumbai,India,2026-03-30T12:44:26.087476+00:00,32.0,41.0,68.0,14.0,Scattered clouds.,0.0
TimeAndDate,Mumbai,India,2026-03-26,35.0,,89.0,,,
TimeAndDate,Mumbai,India,2026-03-25,35.0,,89.0,,,
TimeAndDate,Mumbai,India,2026-03-24,35.0,,89.0,,,
TimeAndDate,Tokyo,Japan,2026-03-30T12:44:30.910904+00:00,17.0,17.0,75.0,36.0,Overcast.,0.0
TimeAndDate,Tokyo,Japan,2026-03-26,21.0,,98.0,,,
TimeAndDate,Tokyo,Japan,2026-03-25,21.0,,98.0,,,
TimeAndDate,Tokyo,Japan,2026-03-24,21.0,,98.0,,,
TimeAndDate,Seoul,South Korea,2026-03-30T12:44:34.887242+00:00,14.0,14.0,59.0,6.0,Light rain. Mostly cloudy.,10.0
TimeAndDate,Seoul,South Korea,2026-03-26,21.0,,100.0,,,
TimeAndDate,Seoul,South Korea,2026-03-25,21.0,,100.0,,,
TimeAndDate,Seoul,South Korea,2026-03-24,21.0,,100.0,,,
TimeAndDate,Singapore,Singapore,2026-03-30T12:44:39.099392+00:00,29.0,33.0,70.0,11.0,Passing clouds.,15.0
TimeAndDate,Singapore,Singapore,2026-03-26,34.0,,89.0,,,
TimeAndDate,Singapore,Singapore,2026-03-25,34.0,,89.0,,,
TimeAndDate,Singapore,Singapore,2026-03-24,34.0,,89.0,,,
TimeAndDate,Sydney,Australia,2026-03-30T12:44:42.964779+00:00,21.0,21.0,60.0,9.0,Passing clouds.,0.0
TimeAndDate,Sydney,Australia,2026-03-26,30.0,,100.0,,,
TimeAndDate,Sydney,Australia,2026-03-25,30.0,,100.0,,,
TimeAndDate,Sydney,Australia,2026-03-24,30.0,,100.0,,,
TimeAndDate,Melbourne,Australia,2026-03-30T12:44:46.933700+00:00,18.0,18.0,60.0,20.0,Clear.,0.0
TimeAndDate,Melbourne,Australia,2026-03-26,31.0,,100.0,,,
TimeAndDate,Melbourne,Australia,2026-03-25,31.0,,100.0,,,
TimeAndDate,Melbourne,Australia,2026-03-24,31.0,,100.0,,,
TimeAndDate,Auckland,New Zealand,2026-03-30T12:44:51.506739+00:00,19.0,19.0,94.0,26.0,Passing clouds.,28.0
TimeAndDate,Auckland,New Zealand,2026-03-26,27.0,,100.0,,,
TimeAndDate,Auckland,New Zealand,2026-03-25,27.0,,100.0,,,
TimeAndDate,Auckland,New Zealand,2026-03-24,27.0,,100.0,,,
TimeAndDate,Beirut,Lebanon,2026-03-30T12:44:57.484120+00:00,12.0,10.0,68.0,29.0,Scattered clouds.,8.0
TimeAndDate,Beirut,Lebanon,2026-03-21,24.0,,96.0,,,
TimeAndDate,Beirut,Lebanon,2026-03-20,24.0,,96.0,,,
TimeAndDate,Beirut,Lebanon,2026-03-19,24.0,,96.0,,,
TimeAndDate,Beirut,Lebanon,2026-03-18,24.0,,96.0,,,
TimeAndDate,New York,United States,2026-03-30T12:45:13.308563+00:00,10.0,8.0,74.0,17.0,Sunny.,0.0
TimeAndDate,New York,United States,2026-03-21,24.0,,100.0,,,
TimeAndDate,New York,United States,2026-03-20,24.0,,100.0,,,
TimeAndDate,New York,United States,2026-03-19,24.0,,100.0,,,
TimeAndDate,New York,United States,2026-03-18,24.0,,100.0,,,
TimeAndDate,Los Angeles,United States,2026-03-30T12:45:22.442711+00:00,14.0,14.0,96.0,6.0,Fog.,0.0
TimeAndDate,Los Angeles,United States,2026-03-21,35.0,,97.0,,,
TimeAndDate,Los Angeles,United States,2026-03-20,35.0,,97.0,,,
TimeAndDate,Los Angeles,United States,2026-03-19,35.0,,97.0,,,
TimeAndDate,Los Angeles,United States,2026-03-18,35.0,,97.0,,,
TimeAndDate,Chicago,United States,2026-03-30T12:45:29.813535+00:00,12.0,10.0,59.0,13.0,Partly sunny.,3.0
TimeAndDate,Chicago,United States,2026-03-21,25.0,,96.0,,,
TimeAndDate,Chicago,United States,2026-03-20,25.0,,96.0,,,
TimeAndDate,Chicago,United States,2026-03-19,25.0,,96.0,,,
TimeAndDate,Chicago,United States,2026-03-18,25.0,,96.0,,,
TimeAndDate,Toronto,Canada,2026-03-30T12:45:37.829033+00:00,8.0,6.0,46.0,11.0,Overcast.,0.0
TimeAndDate,Toronto,Canada,2026-03-21,13.0,,100.0,,,
TimeAndDate,Toronto,Canada,2026-03-20,13.0,,100.0,,,
TimeAndDate,Toronto,Canada,2026-03-19,13.0,,100.0,,,
TimeAndDate,Toronto,Canada,2026-03-18,13.0,,100.0,,,
TimeAndDate,Mexico City,Mexico,2026-03-30T12:45:42.425168+00:00,11.0,10.0,77.0,7.0,Passing clouds.,2.0
TimeAndDate,Mexico City,Mexico,2026-03-21,26.0,,100.0,,,
TimeAndDate,Mexico City,Mexico,2026-03-20,26.0,,100.0,,,
TimeAndDate,Mexico City,Mexico,2026-03-19,26.0,,100.0,,,
TimeAndDate,Mexico City,Mexico,2026-03-18,26.0,,100.0,,,
TimeAndDate,Sao Paulo,Brazil,2026-03-30T12:45:47.081489+00:00,22.0,22.0,78.0,7.0,Sunny.,0.0
TimeAndDate,Sao Paulo,Brazil,2026-03-21,31.0,,100.0,,,
TimeAndDate,Sao Paulo,Brazil,2026-03-20,31.0,,100.0,,,
TimeAndDate,Sao Paulo,Brazil,2026-03-19,31.0,,100.0,,,
TimeAndDate,Sao Paulo,Brazil,2026-03-18,31.0,,100.0,,,
TimeAndDate,Buenos Aires,Argentina,2026-03-30T12:45:53.474605+00:00,23.0,21.0,94.0,15.0,Fog.,5.0
TimeAndDate,Buenos Aires,Argentina,2026-03-21,32.0,,100.0,,,
TimeAndDate,Buenos Aires,Argentina,2026-03-20,32.0,,100.0,,,
TimeAndDate,Buenos Aires,Argentina,2026-03-19,32.0,,100.0,,,
TimeAndDate,Buenos Aires,Argentina,2026-03-18,32.0,,100.0,,,
TimeAndDate,London,United Kingdom,2026-03-30T12:46:01.746636+00:00,10.0,7.0,71.0,24.0,Scattered clouds.,22.0
TimeAndDate,London,United Kingdom,2026-03-21,20.0,,100.0,,,
TimeAndDate,London,United Kingdom,2026-03-20,20.0,,100.0,,,
TimeAndDate,London,United Kingdom,2026-03-19,20.0,,100.0,,,
TimeAndDate,London,United Kingdom,2026-03-18,20.0,,100.0,,,
TimeAndDate,Paris,France,2026-03-30T12:46:08.820355+00:00,11.0,8.0,54.0,26.0,Broken clouds.,21.0
TimeAndDate,Paris,France,2026-03-21,17.0,,100.0,,,
TimeAndDate,Paris,France,2026-03-20,17.0,,100.0,,,
TimeAndDate,Paris,France,2026-03-19,17.0,,100.0,,,
TimeAndDate,Paris,France,2026-03-18,17.0,,100.0,,,
TimeAndDate,Berlin,Germany,2026-03-30T12:46:14.835842+00:00,7.0,4.0,81.0,17.0,Sprinkles. Partly sunny.,56.0
TimeAndDate,Berlin,Germany,2026-03-21,16.0,,100.0,,,
TimeAndDate,Berlin,Germany,2026-03-20,16.0,,100.0,,,
TimeAndDate,Berlin,Germany,2026-03-19,16.0,,100.0,,,
TimeAndDate,Berlin,Germany,2026-03-18,16.0,,100.0,,,
TimeAndDate,Madrid,Spain,2026-03-30T12:46:21.662377+00:00,15.0,15.0,34.0,4.0,Sunny.,0.0
TimeAndDate,Madrid,Spain,2026-03-21,21.0,,100.0,,,
TimeAndDate,Madrid,Spain,2026-03-20,21.0,,100.0,,,
TimeAndDate,Madrid,Spain,2026-03-19,21.0,,100.0,,,
TimeAndDate,Madrid,Spain,2026-03-18,21.0,,100.0,,,
TimeAndDate,Rome,Italy,2026-03-30T12:46:29.354337+00:00,18.0,18.0,43.0,9.0,Passing clouds.,3.0
TimeAndDate,Rome,Italy,2026-03-21,20.0,,94.0,,,
TimeAndDate,Rome,Italy,2026-03-20,20.0,,94.0,,,
TimeAndDate,Rome,Italy,2026-03-19,20.0,,94.0,,,
TimeAndDate,Rome,Italy,2026-03-18,20.0,,94.0,,,
TimeAndDate,Cairo,Egypt,2026-03-30T12:46:37.014837+00:00,22.0,25.0,36.0,15.0,Partly sunny.,0.0
TimeAndDate,Cairo,Egypt,2026-03-21,27.0,,88.0,,,
TimeAndDate,Cairo,Egypt,2026-03-20,27.0,,88.0,,,
TimeAndDate,Cairo,Egypt,2026-03-19,27.0,,88.0,,,
TimeAndDate,Cairo,Egypt,2026-03-18,27.0,,88.0,,,
TimeAndDate,Nairobi,Kenya,2026-03-30T12:46:45.032561+00:00,25.0,26.0,42.0,19.0,Partly sunny.,21.0
TimeAndDate,Nairobi,Kenya,2026-03-21,27.0,,94.0,,,
TimeAndDate,Nairobi,Kenya,2026-03-20,27.0,,94.0,,,
TimeAndDate,Nairobi,Kenya,2026-03-19,27.0,,94.0,,,
TimeAndDate,Nairobi,Kenya,2026-03-18,27.0,,94.0,,,
TimeAndDate,Johannesburg,South Africa,2026-03-30T12:46:57.165356+00:00,27.0,27.0,45.0,9.0,Scattered clouds.,1.0
TimeAndDate,Johannesburg,South Africa,2026-03-21,29.0,,94.0,,,
TimeAndDate,Johannesburg,South Africa,2026-03-20,29.0,,94.0,,,
TimeAndDate,Johannesburg,South Africa,2026-03-19,29.0,,94.0,,,
TimeAndDate,Johannesburg,South Africa,2026-03-18,29.0,,94.0,,,
TimeAndDate,Dubai,United Arab Emirates,2026-03-30T12:47:02.936072+00:00,27.0,27.0,34.0,13.0,Sunny.,0.0
TimeAndDate,Dubai,United Arab Emirates,2026-03-21,36.0,,94.0,,,
TimeAndDate,Dubai,United Arab Emirates,2026-03-20,36.0,,94.0,,,
TimeAndDate,Dubai,United Arab Emirates,2026-03-19,36.0,,94.0,,,
TimeAndDate,Dubai,United Arab Emirates,2026-03-18,36.0,,94.0,,,
TimeAndDate,Mumbai,India,2026-03-30T12:47:09.467452+00:00,32.0,41.0,68.0,14.0,Scattered clouds.,0.0
TimeAndDate,Mumbai,India,2026-03-21,35.0,,89.0,,,
TimeAndDate,Mumbai,India,2026-03-20,35.0,,89.0,,,
TimeAndDate,Mumbai,India,2026-03-19,35.0,,89.0,,,
TimeAndDate,Mumbai,India,2026-03-18,35.0,,89.0,,,
TimeAndDate,Tokyo,Japan,2026-03-30T12:47:15.867778+00:00,17.0,17.0,75.0,36.0,Overcast.,0.0
TimeAndDate,Tokyo,Japan,2026-03-21,21.0,,98.0,,,
TimeAndDate,Tokyo,Japan,2026-03-20,21.0,,98.0,,,
TimeAndDate,Tokyo,Japan,2026-03-19,21.0,,98.0,,,
TimeAndDate,Tokyo,Japan,2026-03-18,21.0,,98.0,,,
TimeAndDate,Seoul,South Korea,2026-03-30T12:47:22.034794+00:00,14.0,14.0,59.0,6.0,Light rain. Mostly cloudy.,10.0
TimeAndDate,Seoul,South Korea,2026-03-21,21.0,,100.0,,,
TimeAndDate,Seoul,South Korea,2026-03-20,21.0,,100.0,,,
TimeAndDate,Seoul,South Korea,2026-03-19,21.0,,100.0,,,
TimeAndDate,Seoul,South Korea,2026-03-18,21.0,,100.0,,,
TimeAndDate,Singapore,Singapore,2026-03-30T12:47:28.319536+00:00,29.0,33.0,70.0,11.0,Passing clouds.,15.0
TimeAndDate,Singapore,Singapore,2026-03-21,34.0,,89.0,,,
TimeAndDate,Singapore,Singapore,2026-03-20,34.0,,89.0,,,
TimeAndDate,Singapore,Singapore,2026-03-19,34.0,,89.0,,,
TimeAndDate,Singapore,Singapore,2026-03-18,34.0,,89.0,,,
TimeAndDate,Sydney,Australia,2026-03-30T12:47:34.941079+00:00,21.0,21.0,60.0,9.0,Passing clouds.,0.0
TimeAndDate,Sydney,Australia,2026-03-21,30.0,,100.0,,,
TimeAndDate,Sydney,Australia,2026-03-20,30.0,,100.0,,,
TimeAndDate,Sydney,Australia,2026-03-19,30.0,,100.0,,,
TimeAndDate,Sydney,Australia,2026-03-18,30.0,,100.0,,,
TimeAndDate,Melbourne,Australia,2026-03-30T12:47:40.650941+00:00,18.0,18.0,60.0,20.0,Clear.,0.0
TimeAndDate,Melbourne,Australia,2026-03-21,31.0,,100.0,,,
TimeAndDate,Melbourne,Australia,2026-03-20,31.0,,100.0,,,
TimeAndDate,Melbourne,Australia,2026-03-19,31.0,,100.0,,,
TimeAndDate,Melbourne,Australia,2026-03-18,31.0,,100.0,,,
TimeAndDate,Auckland,New Zealand,2026-03-30T12:47:46.125996+00:00,19.0,19.0,94.0,26.0,Passing clouds.,28.0
TimeAndDate,Auckland,New Zealand,2026-03-21,27.0,,100.0,,,
TimeAndDate,Auckland,New Zealand,2026-03-20,27.0,,100.0,,,
TimeAndDate,Auckland,New Zealand,2026-03-19,27.0,,100.0,,,
TimeAndDate,Auckland,New Zealand,2026-03-18,27.0,,100.0,,,
TimeAndDate,Beirut,Lebanon,2026-03-30T12:47:53.349917+00:00,12.0,10.0,68.0,29.0,Scattered clouds.,8.0
TimeAndDate,Beirut,Lebanon,2026-03-14,24.0,,96.0,,,
TimeAndDate,Beirut,Lebanon,2026-03-13,24.0,,96.0,,,
TimeAndDate,Beirut,Lebanon,2026-03-12,24.0,,96.0,,,
TimeAndDate,Beirut,Lebanon,2026-03-11,24.0,,96.0,,,
TimeAndDate,Beirut,Lebanon,2026-03-10,24.0,,96.0,,,
TimeAndDate,New York,United States,2026-03-30T12:48:13.704426+00:00,10.0,8.0,74.0,17.0,Sunny.,0.0
TimeAndDate,New York,United States,2026-03-14,24.0,,100.0,,,
TimeAndDate,New York,United States,2026-03-13,24.0,,100.0,,,
TimeAndDate,New York,United States,2026-03-12,24.0,,100.0,,,
TimeAndDate,New York,United States,2026-03-11,24.0,,100.0,,,
TimeAndDate,New York,United States,2026-03-10,24.0,,100.0,,,
TimeAndDate,Los Angeles,United States,2026-03-30T12:48:20.021535+00:00,14.0,14.0,96.0,6.0,Fog.,0.0
TimeAndDate,Los Angeles,United States,2026-03-14,35.0,,97.0,,,
TimeAndDate,Los Angeles,United States,2026-03-13,35.0,,97.0,,,
TimeAndDate,Los Angeles,United States,2026-03-12,35.0,,97.0,,,
TimeAndDate,Los Angeles,United States,2026-03-11,35.0,,97.0,,,
TimeAndDate,Los Angeles,United States,2026-03-10,35.0,,97.0,,,
TimeAndDate,Chicago,United States,2026-03-30T12:48:27.095385+00:00,12.0,10.0,59.0,13.0,Partly sunny.,3.0
TimeAndDate,Chicago,United States,2026-03-14,25.0,,96.0,,,
TimeAndDate,Chicago,United States,2026-03-13,25.0,,96.0,,,
TimeAndDate,Chicago,United States,2026-03-12,25.0,,96.0,,,
TimeAndDate,Chicago,United States,2026-03-11,25.0,,96.0,,,
TimeAndDate,Chicago,United States,2026-03-10,25.0,,96.0,,,
TimeAndDate,Toronto,Canada,2026-03-30T12:48:33.112153+00:00,8.0,6.0,46.0,11.0,Overcast.,0.0
TimeAndDate,Toronto,Canada,2026-03-14,13.0,,100.0,,,
TimeAndDate,Toronto,Canada,2026-03-13,13.0,,100.0,,,
TimeAndDate,Toronto,Canada,2026-03-12,13.0,,100.0,,,
TimeAndDate,Toronto,Canada,2026-03-11,13.0,,100.0,,,
TimeAndDate,Toronto,Canada,2026-03-10,13.0,,100.0,,,
TimeAndDate,Mexico City,Mexico,2026-03-30T12:48:38.377536+00:00,11.0,10.0,77.0,7.0,Passing clouds.,2.0
TimeAndDate,Mexico City,Mexico,2026-03-14,26.0,,100.0,,,
TimeAndDate,Mexico City,Mexico,2026-03-13,26.0,,100.0,,,
TimeAndDate,Mexico City,Mexico,2026-03-12,26.0,,100.0,,,
TimeAndDate,Mexico City,Mexico,2026-03-11,26.0,,100.0,,,
TimeAndDate,Mexico City,Mexico,2026-03-10,26.0,,100.0,,,
TimeAndDate,Sao Paulo,Brazil,2026-03-30T12:48:44.359857+00:00,22.0,22.0,78.0,7.0,Sunny.,0.0
TimeAndDate,Sao Paulo,Brazil,2026-03-14,31.0,,100.0,,,
TimeAndDate,Sao Paulo,Brazil,2026-03-13,31.0,,100.0,,,
TimeAndDate,Sao Paulo,Brazil,2026-03-12,31.0,,100.0,,,
TimeAndDate,Sao Paulo,Brazil,2026-03-11,31.0,,100.0,,,
TimeAndDate,Sao Paulo,Brazil,2026-03-10,31.0,,100.0,,,
TimeAndDate,Buenos Aires,Argentina,2026-03-30T12:48:50.296906+00:00,23.0,21.0,94.0,15.0,Fog.,5.0
TimeAndDate,Buenos Aires,Argentina,2026-03-14,32.0,,100.0,,,
TimeAndDate,Buenos Aires,Argentina,2026-03-13,32.0,,100.0,,,
TimeAndDate,Buenos Aires,Argentina,2026-03-12,32.0,,100.0,,,
TimeAndDate,Buenos Aires,Argentina,2026-03-11,32.0,,100.0,,,
TimeAndDate,Buenos Aires,Argentina,2026-03-10,32.0,,100.0,,,
TimeAndDate,London,United Kingdom,2026-03-30T12:48:56.340834+00:00,10.0,7.0,71.0,24.0,Scattered clouds.,22.0
TimeAndDate,London,United Kingdom,2026-03-14,20.0,,100.0,,,
TimeAndDate,London,United Kingdom,2026-03-13,20.0,,100.0,,,
TimeAndDate,London,United Kingdom,2026-03-12,20.0,,100.0,,,
TimeAndDate,London,United Kingdom,2026-03-11,20.0,,100.0,,,
TimeAndDate,London,United Kingdom,2026-03-10,20.0,,100.0,,,
TimeAndDate,Paris,France,2026-03-30T12:49:03.314493+00:00,11.0,8.0,54.0,26.0,Broken clouds.,21.0
TimeAndDate,Paris,France,2026-03-14,17.0,,100.0,,,
TimeAndDate,Paris,France,2026-03-13,17.0,,100.0,,,
TimeAndDate,Paris,France,2026-03-12,17.0,,100.0,,,
TimeAndDate,Paris,France,2026-03-11,17.0,,100.0,,,
TimeAndDate,Paris,France,2026-03-10,17.0,,100.0,,,
TimeAndDate,Berlin,Germany,2026-03-30T12:49:10.758489+00:00,7.0,4.0,81.0,17.0,Sprinkles. Partly sunny.,56.0
TimeAndDate,Berlin,Germany,2026-03-14,16.0,,100.0,,,
TimeAndDate,Berlin,Germany,2026-03-13,16.0,,100.0,,,
TimeAndDate,Berlin,Germany,2026-03-12,16.0,,100.0,,,
TimeAndDate,Berlin,Germany,2026-03-11,16.0,,100.0,,,
TimeAndDate,Berlin,Germany,2026-03-10,16.0,,100.0,,,
TimeAndDate,Madrid,Spain,2026-03-30T12:49:23.725720+00:00,15.0,15.0,34.0,4.0,Sunny.,0.0
TimeAndDate,Madrid,Spain,2026-03-14,21.0,,100.0,,,
TimeAndDate,Madrid,Spain,2026-03-13,21.0,,100.0,,,
TimeAndDate,Madrid,Spain,2026-03-12,21.0,,100.0,,,
TimeAndDate,Madrid,Spain,2026-03-11,21.0,,100.0,,,
TimeAndDate,Madrid,Spain,2026-03-10,21.0,,100.0,,,
TimeAndDate,Rome,Italy,2026-03-30T12:49:49.509340+00:00,18.0,18.0,43.0,9.0,Passing clouds.,3.0
TimeAndDate,Rome,Italy,2026-03-14,20.0,,94.0,,,
TimeAndDate,Rome,Italy,2026-03-13,20.0,,94.0,,,
TimeAndDate,Rome,Italy,2026-03-12,20.0,,94.0,,,
TimeAndDate,Rome,Italy,2026-03-11,20.0,,94.0,,,
TimeAndDate,Rome,Italy,2026-03-10,20.0,,94.0,,,
TimeAndDate,Cairo,Egypt,2026-03-30T12:49:56.443758+00:00,22.0,25.0,36.0,15.0,Partly sunny.,0.0
TimeAndDate,Cairo,Egypt,2026-03-14,27.0,,88.0,,,
TimeAndDate,Cairo,Egypt,2026-03-13,27.0,,88.0,,,
TimeAndDate,Cairo,Egypt,2026-03-12,27.0,,88.0,,,
TimeAndDate,Cairo,Egypt,2026-03-11,27.0,,88.0,,,
TimeAndDate,Cairo,Egypt,2026-03-10,27.0,,88.0,,,
TimeAndDate,Nairobi,Kenya,2026-03-30T12:50:06.244868+00:00,25.0,26.0,42.0,19.0,Partly sunny.,21.0
TimeAndDate,Nairobi,Kenya,2026-03-14,27.0,,94.0,,,
TimeAndDate,Nairobi,Kenya,2026-03-13,27.0,,94.0,,,
TimeAndDate,Nairobi,Kenya,2026-03-12,27.0,,94.0,,,
TimeAndDate,Nairobi,Kenya,2026-03-11,27.0,,94.0,,,
TimeAndDate,Nairobi,Kenya,2026-03-10,27.0,,94.0,,,
TimeAndDate,Johannesburg,South Africa,2026-03-30T12:50:18.262227+00:00,27.0,27.0,45.0,9.0,Scattered clouds.,1.0
TimeAndDate,Johannesburg,South Africa,2026-03-14,29.0,,94.0,,,
TimeAndDate,Johannesburg,South Africa,2026-03-13,29.0,,94.0,,,
TimeAndDate,Johannesburg,South Africa,2026-03-12,29.0,,94.0,,,
TimeAndDate,Johannesburg,South Africa,2026-03-11,29.0,,94.0,,,
TimeAndDate,Johannesburg,South Africa,2026-03-10,29.0,,94.0,,,
TimeAndDate,Dubai,United Arab Emirates,2026-03-30T12:50:26.495519+00:00,27.0,27.0,34.0,13.0,Sunny.,0.0
TimeAndDate,Dubai,United Arab Emirates,2026-03-14,36.0,,94.0,,,
TimeAndDate,Dubai,United Arab Emirates,2026-03-13,36.0,,94.0,,,
TimeAndDate,Dubai,United Arab Emirates,2026-03-12,36.0,,94.0,,,
TimeAndDate,Dubai,United Arab Emirates,2026-03-11,36.0,,94.0,,,
TimeAndDate,Dubai,United Arab Emirates,2026-03-10,36.0,,94.0,,,
TimeAndDate,Mumbai,India,2026-03-30T12:50:34.529350+00:00,32.0,41.0,68.0,14.0,Scattered clouds.,0.0
TimeAndDate,Mumbai,India,2026-03-14,35.0,,89.0,,,
TimeAndDate,Mumbai,India,2026-03-13,35.0,,89.0,,,
TimeAndDate,Mumbai,India,2026-03-12,35.0,,89.0,,,
TimeAndDate,Mumbai,India,2026-03-11,35.0,,89.0,,,
TimeAndDate,Mumbai,India,2026-03-10,35.0,,89.0,,,
TimeAndDate,Tokyo,Japan,2026-03-30T12:50:51.894223+00:00,17.0,17.0,75.0,36.0,Overcast.,0.0
TimeAndDate,Tokyo,Japan,2026-03-14,21.0,,98.0,,,
TimeAndDate,Tokyo,Japan,2026-03-13,21.0,,98.0,,,
TimeAndDate,Tokyo,Japan,2026-03-12,21.0,,98.0,,,
TimeAndDate,Tokyo,Japan,2026-03-11,21.0,,98.0,,,
TimeAndDate,Tokyo,Japan,2026-03-10,21.0,,98.0,,,
TimeAndDate,Seoul,South Korea,2026-03-30T12:50:59.334837+00:00,14.0,14.0,59.0,6.0,Light rain. Mostly cloudy.,10.0
TimeAndDate,Seoul,South Korea,2026-03-14,21.0,,100.0,,,
TimeAndDate,Seoul,South Korea,2026-03-13,21.0,,100.0,,,
TimeAndDate,Seoul,South Korea,2026-03-12,21.0,,100.0,,,
TimeAndDate,Seoul,South Korea,2026-03-11,21.0,,100.0,,,
TimeAndDate,Seoul,South Korea,2026-03-10,21.0,,100.0,,,
TimeAndDate,Singapore,Singapore,2026-03-30T12:51:05.659710+00:00,29.0,33.0,70.0,11.0,Passing clouds.,15.0
TimeAndDate,Singapore,Singapore,2026-03-14,34.0,,89.0,,,
TimeAndDate,Singapore,Singapore,2026-03-13,34.0,,89.0,,,
TimeAndDate,Singapore,Singapore,2026-03-12,34.0,,89.0,,,
TimeAndDate,Singapore,Singapore,2026-03-11,34.0,,89.0,,,
TimeAndDate,Singapore,Singapore,2026-03-10,34.0,,89.0,,,
TimeAndDate,Sydney,Australia,2026-03-30T12:51:15.465586+00:00,21.0,21.0,60.0,9.0,Passing clouds.,0.0
TimeAndDate,Sydney,Australia,2026-03-14,30.0,,100.0,,,
TimeAndDate,Sydney,Australia,2026-03-13,30.0,,100.0,,,
TimeAndDate,Sydney,Australia,2026-03-12,30.0,,100.0,,,
TimeAndDate,Sydney,Australia,2026-03-11,30.0,,100.0,,,
TimeAndDate,Sydney,Australia,2026-03-10,30.0,,100.0,,,
TimeAndDate,Melbourne,Australia,2026-03-30T12:51:28.739418+00:00,18.0,18.0,60.0,20.0,Clear.,0.0
TimeAndDate,Melbourne,Australia,2026-03-14,31.0,,100.0,,,
TimeAndDate,Melbourne,Australia,2026-03-13,31.0,,100.0,,,
TimeAndDate,Melbourne,Australia,2026-03-12,31.0,,100.0,,,
TimeAndDate,Melbourne,Australia,2026-03-11,31.0,,100.0,,,
TimeAndDate,Melbourne,Australia,2026-03-10,31.0,,100.0,,,
TimeAndDate,Auckland,New Zealand,2026-03-30T12:51:35.696992+00:00,19.0,19.0,94.0,22.0,Partly cloudy.,28.0
TimeAndDate,Auckland,New Zealand,2026-03-14,27.0,,100.0,,,
TimeAndDate,Auckland,New Zealand,2026-03-13,27.0,,100.0,,,
TimeAndDate,Auckland,New Zealand,2026-03-12,27.0,,100.0,,,
TimeAndDate,Auckland,New Zealand,2026-03-11,27.0,,100.0,,,
TimeAndDate,Auckland,New Zealand,2026-03-10,27.0,,100.0,,,
TimeAndDate,Beirut,Lebanon,2026-03-30T12:51:43.767126+00:00,17.0,17.0,42.0,36.0,Passing clouds.,8.0
TimeAndDate,Beirut,Lebanon,2026-03-05,24.0,,96.0,,,
TimeAndDate,Beirut,Lebanon,2026-03-04,24.0,,96.0,,,
TimeAndDate,Beirut,Lebanon,2026-03-03,24.0,,96.0,,,
TimeAndDate,Beirut,Lebanon,2026-03-02,24.0,,96.0,,,
TimeAndDate,Beirut,Lebanon,2026-03-01,24.0,,96.0,,,
TimeAndDate,Beirut,Lebanon,2026-02-28,24.0,,96.0,,,
TimeAndDate,New York,United States,2026-03-30T12:52:02.854616+00:00,10.0,8.0,74.0,17.0,Sunny.,0.0
TimeAndDate,New York,United States,2026-03-05,24.0,,100.0,,,
TimeAndDate,New York,United States,2026-03-04,24.0,,100.0,,,
TimeAndDate,New York,United States,2026-03-03,24.0,,100.0,,,
TimeAndDate,New York,United States,2026-03-02,24.0,,100.0,,,
TimeAndDate,New York,United States,2026-03-01,24.0,,100.0,,,
TimeAndDate,New York,United States,2026-02-28,24.0,,100.0,,,
TimeAndDate,Los Angeles,United States,2026-03-30T12:52:11.390083+00:00,14.0,14.0,97.0,6.0,Fog.,0.0
TimeAndDate,Los Angeles,United States,2026-03-05,35.0,,97.0,,,
TimeAndDate,Los Angeles,United States,2026-03-04,35.0,,97.0,,,
TimeAndDate,Los Angeles,United States,2026-03-03,35.0,,97.0,,,
TimeAndDate,Los Angeles,United States,2026-03-02,35.0,,97.0,,,
TimeAndDate,Los Angeles,United States,2026-03-01,35.0,,97.0,,,
TimeAndDate,Los Angeles,United States,2026-02-28,35.0,,97.0,,,
TimeAndDate,Chicago,United States,2026-03-30T12:52:22.352748+00:00,12.0,10.0,59.0,13.0,Partly sunny.,3.0
TimeAndDate,Chicago,United States,2026-03-05,25.0,,96.0,,,
TimeAndDate,Chicago,United States,2026-03-04,25.0,,96.0,,,
TimeAndDate,Chicago,United States,2026-03-03,25.0,,96.0,,,
TimeAndDate,Chicago,United States,2026-03-02,25.0,,96.0,,,
TimeAndDate,Chicago,United States,2026-03-01,25.0,,96.0,,,
TimeAndDate,Chicago,United States,2026-02-28,25.0,,96.0,,,
TimeAndDate,Toronto,Canada,2026-03-30T12:52:33.607619+00:00,8.0,6.0,46.0,11.0,Overcast.,0.0
TimeAndDate,Toronto,Canada,2026-03-05,13.0,,100.0,,,
TimeAndDate,Toronto,Canada,2026-03-04,13.0,,100.0,,,
TimeAndDate,Toronto,Canada,2026-03-03,13.0,,100.0,,,
TimeAndDate,Toronto,Canada,2026-03-02,13.0,,100.0,,,
TimeAndDate,Toronto,Canada,2026-03-01,13.0,,100.0,,,
TimeAndDate,Toronto,Canada,2026-02-28,13.0,,100.0,,,
TimeAndDate,Mexico City,Mexico,2026-03-30T12:52:43.553974+00:00,11.0,10.0,77.0,7.0,Passing clouds.,2.0
TimeAndDate,Mexico City,Mexico,2026-03-05,26.0,,100.0,,,
TimeAndDate,Mexico City,Mexico,2026-03-04,26.0,,100.0,,,
TimeAndDate,Mexico City,Mexico,2026-03-03,26.0,,100.0,,,
TimeAndDate,Mexico City,Mexico,2026-03-02,26.0,,100.0,,,
TimeAndDate,Mexico City,Mexico,2026-03-01,26.0,,100.0,,,
TimeAndDate,Mexico City,Mexico,2026-02-28,26.0,,100.0,,,
TimeAndDate,Sao Paulo,Brazil,2026-03-30T12:52:51.895312+00:00,22.0,22.0,78.0,7.0,Sunny.,0.0
TimeAndDate,Sao Paulo,Brazil,2026-03-05,31.0,,100.0,,,
TimeAndDate,Sao Paulo,Brazil,2026-03-04,31.0,,100.0,,,
TimeAndDate,Sao Paulo,Brazil,2026-03-03,31.0,,100.0,,,
TimeAndDate,Sao Paulo,Brazil,2026-03-02,31.0,,100.0,,,
TimeAndDate,Sao Paulo,Brazil,2026-03-01,31.0,,100.0,,,
TimeAndDate,Sao Paulo,Brazil,2026-02-28,31.0,,100.0,,,
TimeAndDate,Buenos Aires,Argentina,2026-03-30T12:53:02.725703+00:00,23.0,21.0,94.0,15.0,Fog.,5.0
TimeAndDate,Buenos Aires,Argentina,2026-03-05,32.0,,100.0,,,
TimeAndDate,Buenos Aires,Argentina,2026-03-04,32.0,,100.0,,,
TimeAndDate,Buenos Aires,Argentina,2026-03-03,32.0,,100.0,,,
TimeAndDate,Buenos Aires,Argentina,2026-03-02,32.0,,100.0,,,
TimeAndDate,Buenos Aires,Argentina,2026-03-01,32.0,,100.0,,,
TimeAndDate,Buenos Aires,Argentina,2026-02-28,32.0,,100.0,,,
TimeAndDate,London,United Kingdom,2026-03-30T12:53:10.594383+00:00,12.0,9.0,54.0,32.0,Scattered clouds.,22.0
TimeAndDate,London,United Kingdom,2026-03-05,20.0,,100.0,,,
TimeAndDate,London,United Kingdom,2026-03-04,20.0,,100.0,,,
TimeAndDate,London,United Kingdom,2026-03-03,20.0,,100.0,,,
TimeAndDate,London,United Kingdom,2026-03-02,20.0,,100.0,,,
TimeAndDate,London,United Kingdom,2026-03-01,20.0,,100.0,,,
TimeAndDate,London,United Kingdom,2026-02-28,20.0,,100.0,,,
TimeAndDate,Paris,France,2026-03-30T12:53:19.780311+00:00,12.0,9.0,47.0,28.0,Partly sunny.,21.0
TimeAndDate,Paris,France,2026-03-05,17.0,,100.0,,,
TimeAndDate,Paris,France,2026-03-04,17.0,,100.0,,,
TimeAndDate,Paris,France,2026-03-03,17.0,,100.0,,,
TimeAndDate,Paris,France,2026-03-02,17.0,,100.0,,,
TimeAndDate,Paris,France,2026-03-01,17.0,,100.0,,,
TimeAndDate,Paris,France,2026-02-28,17.0,,100.0,,,
TimeAndDate,Berlin,Germany,2026-03-30T12:53:29.127876+00:00,7.0,4.0,81.0,17.0,Sprinkles. Partly sunny.,56.0
TimeAndDate,Berlin,Germany,2026-03-05,16.0,,100.0,,,
TimeAndDate,Berlin,Germany,2026-03-04,16.0,,100.0,,,
TimeAndDate,Berlin,Germany,2026-03-03,16.0,,100.0,,,
TimeAndDate,Berlin,Germany,2026-03-02,16.0,,100.0,,,
TimeAndDate,Berlin,Germany,2026-03-01,16.0,,100.0,,,
TimeAndDate,Berlin,Germany,2026-02-28,16.0,,100.0,,,
TimeAndDate,Madrid,Spain,2026-03-30T12:53:37.095682+00:00,15.0,15.0,31.0,6.0,Sunny.,0.0
TimeAndDate,Madrid,Spain,2026-03-05,21.0,,100.0,,,
TimeAndDate,Madrid,Spain,2026-03-04,21.0,,100.0,,,
TimeAndDate,Madrid,Spain,2026-03-03,21.0,,100.0,,,
TimeAndDate,Madrid,Spain,2026-03-02,21.0,,100.0,,,
TimeAndDate,Madrid,Spain,2026-03-01,21.0,,100.0,,,
TimeAndDate,Madrid,Spain,2026-02-28,21.0,,100.0,,,
TimeAndDate,Rome,Italy,2026-03-30T12:53:44.890336+00:00,18.0,18.0,43.0,9.0,Passing clouds.,3.0
TimeAndDate,Rome,Italy,2026-03-05,20.0,,94.0,,,
TimeAndDate,Rome,Italy,2026-03-04,20.0,,94.0,,,
TimeAndDate,Rome,Italy,2026-03-03,20.0,,94.0,,,
TimeAndDate,Rome,Italy,2026-03-02,20.0,,94.0,,,
TimeAndDate,Rome,Italy,2026-03-01,20.0,,94.0,,,
TimeAndDate,Rome,Italy,2026-02-28,20.0,,94.0,,,
TimeAndDate,Cairo,Egypt,2026-03-30T12:53:52.387588+00:00,22.0,25.0,33.0,17.0,Partly sunny.,0.0
TimeAndDate,Cairo,Egypt,2026-03-05,27.0,,88.0,,,
TimeAndDate,Cairo,Egypt,2026-03-04,27.0,,88.0,,,
TimeAndDate,Cairo,Egypt,2026-03-03,27.0,,88.0,,,
TimeAndDate,Cairo,Egypt,2026-03-02,27.0,,88.0,,,
TimeAndDate,Cairo,Egypt,2026-03-01,27.0,,88.0,,,
TimeAndDate,Cairo,Egypt,2026-02-28,27.0,,88.0,,,
TimeAndDate,Nairobi,Kenya,2026-03-30T12:54:07.086244+00:00,25.0,26.0,42.0,19.0,Partly sunny.,21.0
TimeAndDate,Nairobi,Kenya,2026-03-05,27.0,,94.0,,,
TimeAndDate,Nairobi,Kenya,2026-03-04,27.0,,94.0,,,
TimeAndDate,Nairobi,Kenya,2026-03-03,27.0,,94.0,,,
TimeAndDate,Nairobi,Kenya,2026-03-02,27.0,,94.0,,,
TimeAndDate,Nairobi,Kenya,2026-03-01,27.0,,94.0,,,
TimeAndDate,Nairobi,Kenya,2026-02-28,27.0,,94.0,,,
TimeAndDate,Johannesburg,South Africa,2026-03-30T12:54:17.450314+00:00,26.0,26.0,35.0,32.0,Scattered clouds.,1.0
TimeAndDate,Johannesburg,South Africa,2026-03-05,25.0,,98.0,,,
TimeAndDate,Johannesburg,South Africa,2026-03-04,25.0,,98.0,,,
TimeAndDate,Johannesburg,South Africa,2026-03-03,25.0,,98.0,,,
TimeAndDate,Johannesburg,South Africa,2026-03-02,25.0,,98.0,,,
TimeAndDate,Johannesburg,South Africa,2026-03-01,25.0,,98.0,,,
TimeAndDate,Johannesburg,South Africa,2026-02-28,25.0,,98.0,,,
TimeAndDate,Dubai,United Arab Emirates,2026-03-30T12:54:27.101401+00:00,27.0,27.0,34.0,13.0,Sunny.,0.0
TimeAndDate,Dubai,United Arab Emirates,2026-03-05,36.0,,94.0,,,
TimeAndDate,Dubai,United Arab Emirates,2026-03-04,36.0,,94.0,,,
TimeAndDate,Dubai,United Arab Emirates,2026-03-03,36.0,,94.0,,,
TimeAndDate,Dubai,United Arab Emirates,2026-03-02,36.0,,94.0,,,
TimeAndDate,Dubai,United Arab Emirates,2026-03-01,36.0,,94.0,,,
TimeAndDate,Dubai,United Arab Emirates,2026-02-28,36.0,,94.0,,,
TimeAndDate,Mumbai,India,2026-03-30T12:54:37.691078+00:00,32.0,41.0,68.0,14.0,Scattered clouds.,0.0
TimeAndDate,Mumbai,India,2026-03-05,35.0,,89.0,,,
TimeAndDate,Mumbai,India,2026-03-04,35.0,,89.0,,,
TimeAndDate,Mumbai,India,2026-03-03,35.0,,89.0,,,
TimeAndDate,Mumbai,India,2026-03-02,35.0,,89.0,,,
TimeAndDate,Mumbai,India,2026-03-01,35.0,,89.0,,,
TimeAndDate,Mumbai,India,2026-02-28,35.0,,89.0,,,
TimeAndDate,Tokyo,Japan,2026-03-30T12:54:47.040374+00:00,17.0,17.0,75.0,36.0,Overcast.,0.0
TimeAndDate,Tokyo,Japan,2026-03-05,21.0,,98.0,,,
TimeAndDate,Tokyo,Japan,2026-03-04,21.0,,98.0,,,
TimeAndDate,Tokyo,Japan,2026-03-03,21.0,,98.0,,,
TimeAndDate,Tokyo,Japan,2026-03-02,21.0,,98.0,,,
TimeAndDate,Tokyo,Japan,2026-03-01,21.0,,98.0,,,
TimeAndDate,Tokyo,Japan,2026-02-28,21.0,,98.0,,,
TimeAndDate,Seoul,South Korea,2026-03-30T12:54:56.287991+00:00,14.0,14.0,59.0,6.0,Light rain. Mostly cloudy.,10.0
TimeAndDate,Seoul,South Korea,2026-03-05,21.0,,100.0,,,
TimeAndDate,Seoul,South Korea,2026-03-04,21.0,,100.0,,,
TimeAndDate,Seoul,South Korea,2026-03-03,21.0,,100.0,,,
TimeAndDate,Seoul,South Korea,2026-03-02,21.0,,100.0,,,
TimeAndDate,Seoul,South Korea,2026-03-01,21.0,,100.0,,,
TimeAndDate,Seoul,South Korea,2026-02-28,21.0,,100.0,,,
TimeAndDate,Singapore,Singapore,2026-03-30T12:55:11.603862+00:00,29.0,33.0,70.0,11.0,Passing clouds.,15.0
TimeAndDate,Singapore,Singapore,2026-03-05,34.0,,89.0,,,
TimeAndDate,Singapore,Singapore,2026-03-04,34.0,,89.0,,,
TimeAndDate,Singapore,Singapore,2026-03-03,34.0,,89.0,,,
TimeAndDate,Singapore,Singapore,2026-03-02,34.0,,89.0,,,
TimeAndDate,Singapore,Singapore,2026-03-01,34.0,,89.0,,,
TimeAndDate,Singapore,Singapore,2026-02-28,34.0,,89.0,,,
TimeAndDate,Sydney,Australia,2026-03-30T12:55:20.780647+00:00,21.0,21.0,60.0,9.0,Passing clouds.,0.0
TimeAndDate,Sydney,Australia,2026-03-05,30.0,,100.0,,,
TimeAndDate,Sydney,Australia,2026-03-04,30.0,,100.0,,,
TimeAndDate,Sydney,Australia,2026-03-03,30.0,,100.0,,,
TimeAndDate,Sydney,Australia,2026-03-02,30.0,,100.0,,,
TimeAndDate,Sydney,Australia,2026-03-01,30.0,,100.0,,,
TimeAndDate,Sydney,Australia,2026-02-28,30.0,,100.0,,,
TimeAndDate,Melbourne,Australia,2026-03-30T12:55:33.254001+00:00,18.0,18.0,60.0,20.0,Clear.,0.0
TimeAndDate,Melbourne,Australia,2026-03-05,31.0,,100.0,,,
TimeAndDate,Melbourne,Australia,2026-03-04,31.0,,100.0,,,
TimeAndDate,Melbourne,Australia,2026-03-03,31.0,,100.0,,,
TimeAndDate,Melbourne,Australia,2026-03-02,31.0,,100.0,,,
TimeAndDate,Melbourne,Australia,2026-03-01,31.0,,100.0,,,
TimeAndDate,Melbourne,Australia,2026-02-28,31.0,,100.0,,,
TimeAndDate,Auckland,New Zealand,2026-03-30T12:55:47.193489+00:00,19.0,19.0,94.0,22.0,Partly cloudy.,28.0
TimeAndDate,Auckland,New Zealand,2026-03-05,27.0,,100.0,,,
TimeAndDate,Auckland,New Zealand,2026-03-04,27.0,,100.0,,,
TimeAndDate,Auckland,New Zealand,2026-03-03,27.0,,100.0,,,
TimeAndDate,Auckland,New Zealand,2026-03-02,27.0,,100.0,,,
TimeAndDate,Auckland,New Zealand,2026-03-01,27.0,,100.0,,,
TimeAndDate,Auckland,New Zealand,2026-02-28,27.0,,100.0,,,
TimeAndDate,Beirut,Lebanon,2026-03-31T12:36:41.558709+00:00,13.0,12.0,54.0,11.0,Sunny.,5.0
TimeAndDate,Beirut,Lebanon,2026-03-30,24.0,,96.0,,,
TimeAndDate,Beirut,Lebanon,2026-03-29,24.0,,96.0,,,
TimeAndDate,New York,United States,2026-03-31T12:36:49.712679+00:00,18.0,18.0,61.0,17.0,Scattered clouds.,20.0
TimeAndDate,New York,United States,2026-03-30,24.0,,100.0,,,
TimeAndDate,New York,United States,2026-03-29,24.0,,100.0,,,
TimeAndDate,Los Angeles,United States,2026-03-31T12:36:53.339209+00:00,19.0,19.0,75.0,9.0,Overcast.,0.0
TimeAndDate,Los Angeles,United States,2026-03-30,35.0,,97.0,,,
TimeAndDate,Los Angeles,United States,2026-03-29,35.0,,97.0,,,
TimeAndDate,Chicago,United States,2026-03-31T12:36:57.735265+00:00,19.0,19.0,68.0,30.0,Cloudy.,0.0
TimeAndDate,Chicago,United States,2026-03-30,27.0,,93.0,,,
TimeAndDate,Chicago,United States,2026-03-29,27.0,,93.0,,,
TimeAndDate,Toronto,Canada,2026-03-31T12:37:01.704155+00:00,14.0,13.0,94.0,11.0,Sprinkles. Fog.,70.0
TimeAndDate,Toronto,Canada,2026-03-30,21.0,,100.0,,,
TimeAndDate,Toronto,Canada,2026-03-29,21.0,,100.0,,,
TimeAndDate,Mexico City,Mexico,2026-03-31T12:37:05.084899+00:00,11.0,10.0,77.0,9.0,Partly cloudy.,0.0
TimeAndDate,Mexico City,Mexico,2026-03-30,25.0,,100.0,,,
TimeAndDate,Mexico City,Mexico,2026-03-29,25.0,,100.0,,,
TimeAndDate,Sao Paulo,Brazil,2026-03-31T12:37:08.875234+00:00,20.0,20.0,83.0,13.0,Partly sunny.,24.0
TimeAndDate,Sao Paulo,Brazil,2026-03-30,31.0,,100.0,,,
TimeAndDate,Sao Paulo,Brazil,2026-03-29,31.0,,100.0,,,
TimeAndDate,Buenos Aires,Argentina,2026-03-31T12:37:13.461688+00:00,25.0,26.0,89.0,13.0,Low clouds.,0.0
TimeAndDate,Buenos Aires,Argentina,2026-03-30,32.0,,100.0,,,
TimeAndDate,Buenos Aires,Argentina,2026-03-29,32.0,,100.0,,,
TimeAndDate,London,United Kingdom,2026-03-31T12:37:17.902634+00:00,15.0,14.0,68.0,15.0,Broken clouds.,21.0
TimeAndDate,London,United Kingdom,2026-03-30,20.0,,100.0,,,
TimeAndDate,London,United Kingdom,2026-03-29,20.0,,100.0,,,
TimeAndDate,Paris,France,2026-03-31T12:37:23.550426+00:00,10.0,8.0,71.0,19.0,Mostly cloudy.,22.0
TimeAndDate,Paris,France,2026-03-30,17.0,,100.0,,,
TimeAndDate,Paris,France,2026-03-29,17.0,,100.0,,,
TimeAndDate,Berlin,Germany,2026-03-31T12:37:27.780024+00:00,8.0,5.0,76.0,22.0,Drizzle. Mostly cloudy.,27.0
TimeAndDate,Berlin,Germany,2026-03-30,16.0,,100.0,,,
TimeAndDate,Berlin,Germany,2026-03-29,16.0,,100.0,,,
TimeAndDate,Madrid,Spain,2026-03-31T12:37:32.315539+00:00,18.0,18.0,34.0,11.0,Sunny.,0.0
TimeAndDate,Madrid,Spain,2026-03-30,21.0,,100.0,,,
TimeAndDate,Madrid,Spain,2026-03-29,21.0,,100.0,,,
TimeAndDate,Rome,Italy,2026-03-31T12:37:37.493378+00:00,14.0,12.0,39.0,28.0,Scattered clouds.,0.0
TimeAndDate,Rome,Italy,2026-03-30,20.0,,94.0,,,
TimeAndDate,Rome,Italy,2026-03-29,20.0,,94.0,,,
TimeAndDate,Cairo,Egypt,2026-03-31T12:37:42.059258+00:00,25.0,25.0,24.0,7.0,Partly sunny.,0.0
TimeAndDate,Cairo,Egypt,2026-03-30,27.0,,88.0,,,
TimeAndDate,Cairo,Egypt,2026-03-29,27.0,,88.0,,,
TimeAndDate,Nairobi,Kenya,2026-03-31T12:37:48.017793+00:00,25.0,26.0,44.0,24.0,Partly sunny.,15.0
TimeAndDate,Nairobi,Kenya,2026-03-30,27.0,,94.0,,,
TimeAndDate,Nairobi,Kenya,2026-03-29,27.0,,94.0,,,
TimeAndDate,Johannesburg,South Africa,2026-03-31T12:37:55.477673+00:00,16.0,16.0,99.0,18.0,Partly sunny.,17.0
TimeAndDate,Johannesburg,South Africa,2026-03-30,26.0,,99.0,,,
TimeAndDate,Johannesburg,South Africa,2026-03-29,26.0,,99.0,,,
TimeAndDate,Dubai,United Arab Emirates,2026-03-31T12:38:01.221840+00:00,27.0,27.0,42.0,13.0,Cloudy.,1.0
TimeAndDate,Dubai,United Arab Emirates,2026-03-30,36.0,,94.0,,,
TimeAndDate,Dubai,United Arab Emirates,2026-03-29,36.0,,94.0,,,
TimeAndDate,Mumbai,India,2026-03-31T12:38:05.416431+00:00,32.0,36.0,53.0,5.0,Haze.,0.0
TimeAndDate,Mumbai,India,2026-03-30,35.0,,89.0,,,
TimeAndDate,Mumbai,India,2026-03-29,35.0,,89.0,,,
TimeAndDate,Tokyo,Japan,2026-03-31T12:38:11.012834+00:00,18.0,18.0,97.0,18.0,Overcast.,70.0
TimeAndDate,Tokyo,Japan,2026-03-30,21.0,,98.0,,,
TimeAndDate,Tokyo,Japan,2026-03-29,21.0,,98.0,,,
TimeAndDate,Seoul,South Korea,2026-03-31T12:38:15.280164+00:00,11.0,10.0,82.0,11.0,Clear.,1.0
TimeAndDate,Seoul,South Korea,2026-03-30,21.0,,100.0,,,
TimeAndDate,Seoul,South Korea,2026-03-29,21.0,,100.0,,,
TimeAndDate,Singapore,Singapore,2026-03-31T12:38:19.245518+00:00,28.0,33.0,84.0,7.0,Passing clouds.,5.0
TimeAndDate,Singapore,Singapore,2026-03-30,34.0,,89.0,,,
TimeAndDate,Singapore,Singapore,2026-03-29,34.0,,89.0,,,
TimeAndDate,Sydney,Australia,2026-03-31T12:38:26.354700+00:00,22.0,24.0,69.0,13.0,Clear.,0.0
TimeAndDate,Sydney,Australia,2026-03-30,30.0,,100.0,,,
TimeAndDate,Sydney,Australia,2026-03-29,30.0,,100.0,,,
TimeAndDate,Melbourne,Australia,2026-03-31T12:38:32.161223+00:00,18.0,18.0,56.0,19.0,Clear.,0.0
TimeAndDate,Melbourne,Australia,2026-03-30,31.0,,100.0,,,
TimeAndDate,Melbourne,Australia,2026-03-29,31.0,,100.0,,,
TimeAndDate,Auckland,New Zealand,2026-03-31T12:38:36.720178+00:00,16.0,16.0,94.0,2.0,Mostly cloudy.,6.0
TimeAndDate,Auckland,New Zealand,2026-03-30,27.0,,100.0,,,
TimeAndDate,Auckland,New Zealand,2026-03-29,27.0,,100.0,,,
